W0519 17:21:26.882000 55435 site-packages/torch/distributed/elastic/multiprocessing/redirects.py:29] NOTE: Redirects are currently not supported in Windows or MacOs.
using pretrained moco resnet18
Phase 1: collecting BRO IDs across Netherlands grid ...
  tile 1/2809  (51.20,3.50)  found 0  new 0  kept 0  total 0
  tile 2/2809  (51.20,3.57)  found 0  new 0  kept 0  total 0
  tile 3/2809  (51.20,3.64)  found 0  new 0  kept 0  total 0
  tile 4/2809  (51.20,3.72)  found 0  new 0  kept 0  total 0
  tile 5/2809  (51.20,3.79)  found 0  new 0  kept 0  total 0
  tile 6/2809  (51.20,3.86)  found 0  new 0  kept 0  total 0
  tile 7/2809  (51.20,3.93)  found 0  new 0  kept 0  total 0
  tile 8/2809  (51.20,4.00)  found 0  new 0  kept 0  total 0
  tile 9/2809  (51.20,4.08)  found 0  new 0  kept 0  total 0
  tile 10/2809  (51.20,4.15)  found 0  new 0  kept 0  total 0
  tile 11/2809  (51.20,4.22)  found 0  new 0  kept 0  total 0
  tile 12/2809  (51.20,4.29)  found 0  new 0  kept 0  total 0
  tile 13/2809  (51.20,4.36)  found 0  new 0  kept 0  total 0
  tile 14/2809  (51.20,4.44)  found 0  new 0  kept 0  total 0
  tile 15/2809  (51.20,4.51)  found 0  new 0  kept 0  total 0
  tile 16/2809  (51.20,4.58)  found 0  new 0  kept 0  total 0
  tile 17/2809  (51.20,4.65)  found 0  new 0  kept 0  total 0
  tile 18/2809  (51.20,4.72)  found 0  new 0  kept 0  total 0
  tile 19/2809  (51.20,4.80)  found 0  new 0  kept 0  total 0
  tile 20/2809  (51.20,4.87)  found 0  new 0  kept 0  total 0
  tile 21/2809  (51.20,4.94)  found 0  new 0  kept 0  total 0
  tile 22/2809  (51.20,5.01)  found 0  new 0  kept 0  total 0
  tile 23/2809  (51.20,5.08)  found 0  new 0  kept 0  total 0
  tile 24/2809  (51.20,5.16)  found 0  new 0  kept 0  total 0
  tile 25/2809  (51.20,5.23)  found 0  new 0  kept 0  total 0
  tile 26/2809  (51.20,5.30)  found 0  new 0  kept 0  total 0
  tile 27/2809  (51.20,5.37)  found 0  new 0  kept 0  total 0
  tile 28/2809  (51.20,5.44)  found 0  new 0  kept 0  total 0
  tile 29/2809  (51.20,5.52)  found 0  new 0  kept 0  total 0
  tile 30/2809  (51.20,5.59)  found 0  new 0  kept 0  total 0
  tile 31/2809  (51.20,5.66)  found 0  new 0  kept 0  total 0
  tile 32/2809  (51.20,5.73)  found 2  new 2  kept 2  total 2
  tile 33/2809  (51.20,5.80)  found 0  new 0  kept 0  total 2
  tile 34/2809  (51.20,5.88)  found 2  new 2  kept 2  total 4
  tile 35/2809  (51.20,5.95)  found 7  new 7  kept 5  total 9
  tile 36/2809  (51.20,6.02)  found 1  new 1  kept 1  total 10
  tile 37/2809  (51.20,6.09)  found 0  new 0  kept 0  total 10
  tile 38/2809  (51.20,6.16)  found 0  new 0  kept 0  total 10
  tile 39/2809  (51.20,6.24)  found 0  new 0  kept 0  total 10
  tile 40/2809  (51.20,6.31)  found 0  new 0  kept 0  total 10
  tile 41/2809  (51.20,6.38)  found 0  new 0  kept 0  total 10
  tile 42/2809  (51.20,6.45)  found 0  new 0  kept 0  total 10
  tile 43/2809  (51.20,6.52)  found 0  new 0  kept 0  total 10
  tile 44/2809  (51.20,6.60)  found 0  new 0  kept 0  total 10
  tile 45/2809  (51.20,6.67)  found 0  new 0  kept 0  total 10
  tile 46/2809  (51.20,6.74)  found 0  new 0  kept 0  total 10
  tile 47/2809  (51.20,6.81)  found 0  new 0  kept 0  total 10
  tile 48/2809  (51.20,6.88)  found 0  new 0  kept 0  total 10
  tile 49/2809  (51.20,6.96)  found 0  new 0  kept 0  total 10
  tile 50/2809  (51.20,7.03)  found 0  new 0  kept 0  total 10
  tile 51/2809  (51.20,7.10)  found 0  new 0  kept 0  total 10
  tile 52/2809  (51.20,7.17)  found 0  new 0  kept 0  total 10
  tile 53/2809  (51.20,7.24)  found 0  new 0  kept 0  total 10
  tile 54/2809  (51.24,3.50)  found 0  new 0  kept 0  total 10
  tile 55/2809  (51.24,3.57)  found 0  new 0  kept 0  total 10
  tile 56/2809  (51.24,3.64)  found 0  new 0  kept 0  total 10
  tile 57/2809  (51.24,3.72)  found 0  new 0  kept 0  total 10
  tile 58/2809  (51.24,3.79)  found 4  new 4  kept 4  total 14
  tile 59/2809  (51.24,3.86)  found 47  new 47  kept 5  total 19
  tile 60/2809  (51.24,3.93)  found 0  new 0  kept 0  total 19
  tile 61/2809  (51.24,4.00)  found 0  new 0  kept 0  total 19
  tile 62/2809  (51.24,4.08)  found 0  new 0  kept 0  total 19
  tile 63/2809  (51.24,4.15)  found 0  new 0  kept 0  total 19
  tile 64/2809  (51.24,4.22)  found 0  new 0  kept 0  total 19
  tile 65/2809  (51.24,4.29)  found 0  new 0  kept 0  total 19
  tile 66/2809  (51.24,4.36)  found 0  new 0  kept 0  total 19
  tile 67/2809  (51.24,4.44)  found 0  new 0  kept 0  total 19
  tile 68/2809  (51.24,4.51)  found 0  new 0  kept 0  total 19
  tile 69/2809  (51.24,4.58)  found 0  new 0  kept 0  total 19
  tile 70/2809  (51.24,4.65)  found 0  new 0  kept 0  total 19
  tile 71/2809  (51.24,4.72)  found 0  new 0  kept 0  total 19
  tile 72/2809  (51.24,4.80)  found 0  new 0  kept 0  total 19
  tile 73/2809  (51.24,4.87)  found 0  new 0  kept 0  total 19
  tile 74/2809  (51.24,4.94)  found 0  new 0  kept 0  total 19
  tile 75/2809  (51.24,5.01)  found 0  new 0  kept 0  total 19
  tile 76/2809  (51.24,5.08)  found 0  new 0  kept 0  total 19
  tile 77/2809  (51.24,5.16)  found 0  new 0  kept 0  total 19
  tile 78/2809  (51.24,5.23)  found 0  new 0  kept 0  total 19
  tile 79/2809  (51.24,5.30)  found 0  new 0  kept 0  total 19
  tile 80/2809  (51.24,5.37)  found 0  new 0  kept 0  total 19
  tile 81/2809  (51.24,5.44)  found 0  new 0  kept 0  total 19
  tile 82/2809  (51.24,5.52)  found 0  new 0  kept 0  total 19
  tile 83/2809  (51.24,5.59)  found 0  new 0  kept 0  total 19
  tile 84/2809  (51.24,5.66)  found 4  new 4  kept 4  total 23
  tile 85/2809  (51.24,5.73)  found 0  new 0  kept 0  total 23
  tile 86/2809  (51.24,5.80)  found 4  new 4  kept 4  total 27
  tile 87/2809  (51.24,5.88)  found 0  new 0  kept 0  total 27
  tile 88/2809  (51.24,5.95)  found 0  new 0  kept 0  total 27
  tile 89/2809  (51.24,6.02)  found 0  new 0  kept 0  total 27
  tile 90/2809  (51.24,6.09)  found 0  new 0  kept 0  total 27
  tile 91/2809  (51.24,6.16)  found 0  new 0  kept 0  total 27
  tile 92/2809  (51.24,6.24)  found 0  new 0  kept 0  total 27
  tile 93/2809  (51.24,6.31)  found 0  new 0  kept 0  total 27
  tile 94/2809  (51.24,6.38)  found 0  new 0  kept 0  total 27
  tile 95/2809  (51.24,6.45)  found 0  new 0  kept 0  total 27
  tile 96/2809  (51.24,6.52)  found 0  new 0  kept 0  total 27
  tile 97/2809  (51.24,6.60)  found 0  new 0  kept 0  total 27
  tile 98/2809  (51.24,6.67)  found 0  new 0  kept 0  total 27
  tile 99/2809  (51.24,6.74)  found 0  new 0  kept 0  total 27
  tile 100/2809  (51.24,6.81)  found 0  new 0  kept 0  total 27
  tile 101/2809  (51.24,6.88)  found 0  new 0  kept 0  total 27
  tile 102/2809  (51.24,6.96)  found 0  new 0  kept 0  total 27
  tile 103/2809  (51.24,7.03)  found 0  new 0  kept 0  total 27
  tile 104/2809  (51.24,7.10)  found 0  new 0  kept 0  total 27
  tile 105/2809  (51.24,7.17)  found 0  new 0  kept 0  total 27
  tile 106/2809  (51.24,7.24)  found 0  new 0  kept 0  total 27
  tile 107/2809  (51.29,3.50)  found 0  new 0  kept 0  total 27
  tile 108/2809  (51.29,3.57)  found 1  new 1  kept 1  total 28
  tile 109/2809  (51.29,3.64)  found 0  new 0  kept 0  total 28
  tile 110/2809  (51.29,3.72)  found 1  new 1  kept 1  total 29
  tile 111/2809  (51.29,3.79)  found 6  new 6  kept 5  total 34
  tile 112/2809  (51.29,3.86)  found 2  new 2  kept 2  total 36
  tile 113/2809  (51.29,3.93)  found 0  new 0  kept 0  total 36
  tile 114/2809  (51.29,4.00)  found 0  new 0  kept 0  total 36
  tile 115/2809  (51.29,4.08)  found 0  new 0  kept 0  total 36
  tile 116/2809  (51.29,4.15)  found 0  new 0  kept 0  total 36
  tile 117/2809  (51.29,4.22)  found 0  new 0  kept 0  total 36
  tile 118/2809  (51.29,4.29)  found 0  new 0  kept 0  total 36
  tile 119/2809  (51.29,4.36)  found 0  new 0  kept 0  total 36
  tile 120/2809  (51.29,4.44)  found 0  new 0  kept 0  total 36
  tile 121/2809  (51.29,4.51)  found 0  new 0  kept 0  total 36
  tile 122/2809  (51.29,4.58)  found 0  new 0  kept 0  total 36
  tile 123/2809  (51.29,4.65)  found 0  new 0  kept 0  total 36
  tile 124/2809  (51.29,4.72)  found 0  new 0  kept 0  total 36
  tile 125/2809  (51.29,4.80)  found 0  new 0  kept 0  total 36
  tile 126/2809  (51.29,4.87)  found 0  new 0  kept 0  total 36
  tile 127/2809  (51.29,4.94)  found 0  new 0  kept 0  total 36
  tile 128/2809  (51.29,5.01)  found 0  new 0  kept 0  total 36
  tile 129/2809  (51.29,5.08)  found 0  new 0  kept 0  total 36
  tile 130/2809  (51.29,5.16)  found 0  new 0  kept 0  total 36
  tile 131/2809  (51.29,5.23)  found 0  new 0  kept 0  total 36
  tile 132/2809  (51.29,5.30)  found 0  new 0  kept 0  total 36
  tile 133/2809  (51.29,5.37)  found 0  new 0  kept 0  total 36
  tile 134/2809  (51.29,5.44)  found 0  new 0  kept 0  total 36
  tile 135/2809  (51.29,5.52)  found 2  new 2  kept 2  total 38
  tile 136/2809  (51.29,5.59)  found 0  new 0  kept 0  total 38
  tile 137/2809  (51.29,5.66)  found 0  new 0  kept 0  total 38
  tile 138/2809  (51.29,5.73)  found 0  new 0  kept 0  total 38
  tile 139/2809  (51.29,5.80)  found 24  new 24  kept 5  total 43
  tile 140/2809  (51.29,5.88)  found 0  new 0  kept 0  total 43
  tile 141/2809  (51.29,5.95)  found 0  new 0  kept 0  total 43
  tile 142/2809  (51.29,6.02)  found 0  new 0  kept 0  total 43
  tile 143/2809  (51.29,6.09)  found 35  new 35  kept 5  total 48
  tile 144/2809  (51.29,6.16)  found 0  new 0  kept 0  total 48
  tile 145/2809  (51.29,6.24)  found 0  new 0  kept 0  total 48
  tile 146/2809  (51.29,6.31)  found 0  new 0  kept 0  total 48
  tile 147/2809  (51.29,6.38)  found 0  new 0  kept 0  total 48
  tile 148/2809  (51.29,6.45)  found 0  new 0  kept 0  total 48
  tile 149/2809  (51.29,6.52)  found 0  new 0  kept 0  total 48
  tile 150/2809  (51.29,6.60)  found 0  new 0  kept 0  total 48
  tile 151/2809  (51.29,6.67)  found 0  new 0  kept 0  total 48
  tile 152/2809  (51.29,6.74)  found 0  new 0  kept 0  total 48
  tile 153/2809  (51.29,6.81)  found 0  new 0  kept 0  total 48
  tile 154/2809  (51.29,6.88)  found 0  new 0  kept 0  total 48
  tile 155/2809  (51.29,6.96)  found 0  new 0  kept 0  total 48
  tile 156/2809  (51.29,7.03)  found 0  new 0  kept 0  total 48
  tile 157/2809  (51.29,7.10)  found 0  new 0  kept 0  total 48
  tile 158/2809  (51.29,7.17)  found 0  new 0  kept 0  total 48
  tile 159/2809  (51.29,7.24)  found 0  new 0  kept 0  total 48
  tile 160/2809  (51.34,3.50)  found 0  new 0  kept 0  total 48
  tile 161/2809  (51.34,3.57)  found 25  new 25  kept 5  total 53
  tile 162/2809  (51.34,3.64)  found 0  new 0  kept 0  total 53
  tile 163/2809  (51.34,3.72)  found 4  new 4  kept 4  total 57
  tile 164/2809  (51.34,3.79)  found 36  new 36  kept 5  total 62
  tile 165/2809  (51.34,3.86)  found 13  new 13  kept 5  total 67
  tile 166/2809  (51.34,3.93)  found 0  new 0  kept 0  total 67
  tile 167/2809  (51.34,4.00)  found 0  new 0  kept 0  total 67
  tile 168/2809  (51.34,4.08)  found 0  new 0  kept 0  total 67
  tile 169/2809  (51.34,4.15)  found 18  new 18  kept 5  total 72
  tile 170/2809  (51.34,4.22)  found 0  new 0  kept 0  total 72
  tile 171/2809  (51.34,4.29)  found 0  new 0  kept 0  total 72
  tile 172/2809  (51.34,4.36)  found 0  new 0  kept 0  total 72
  tile 173/2809  (51.34,4.44)  found 0  new 0  kept 0  total 72
  tile 174/2809  (51.34,4.51)  found 0  new 0  kept 0  total 72
  tile 175/2809  (51.34,4.58)  found 0  new 0  kept 0  total 72
  tile 176/2809  (51.34,4.65)  found 0  new 0  kept 0  total 72
  tile 177/2809  (51.34,4.72)  found 0  new 0  kept 0  total 72
  tile 178/2809  (51.34,4.80)  found 0  new 0  kept 0  total 72
  tile 179/2809  (51.34,4.87)  found 0  new 0  kept 0  total 72
  tile 180/2809  (51.34,4.94)  found 0  new 0  kept 0  total 72
  tile 181/2809  (51.34,5.01)  found 0  new 0  kept 0  total 72
  tile 182/2809  (51.34,5.08)  found 0  new 0  kept 0  total 72
  tile 183/2809  (51.34,5.16)  found 0  new 0  kept 0  total 72
  tile 184/2809  (51.34,5.23)  found 0  new 0  kept 0  total 72
  tile 185/2809  (51.34,5.30)  found 0  new 0  kept 0  total 72
  tile 186/2809  (51.34,5.37)  found 0  new 0  kept 0  total 72
  tile 187/2809  (51.34,5.44)  found 12  new 12  kept 5  total 77
  tile 188/2809  (51.34,5.52)  found 0  new 0  kept 0  total 77
  tile 189/2809  (51.34,5.59)  found 6  new 6  kept 5  total 82
  tile 190/2809  (51.34,5.66)  found 4  new 4  kept 4  total 86
  tile 191/2809  (51.34,5.73)  found 5  new 5  kept 5  total 91
  tile 192/2809  (51.34,5.80)  found 0  new 0  kept 0  total 91
  tile 193/2809  (51.34,5.88)  found 1  new 1  kept 1  total 92
  tile 194/2809  (51.34,5.95)  found 0  new 0  kept 0  total 92
  tile 195/2809  (51.34,6.02)  found 0  new 0  kept 0  total 92
  tile 196/2809  (51.34,6.09)  found 2  new 2  kept 2  total 94
  tile 197/2809  (51.34,6.16)  found 14  new 14  kept 5  total 99
  tile 198/2809  (51.34,6.24)  found 0  new 0  kept 0  total 99
  tile 199/2809  (51.34,6.31)  found 0  new 0  kept 0  total 99
  tile 200/2809  (51.34,6.38)  found 0  new 0  kept 0  total 99
  tile 201/2809  (51.34,6.45)  found 0  new 0  kept 0  total 99
  tile 202/2809  (51.34,6.52)  found 0  new 0  kept 0  total 99
  tile 203/2809  (51.34,6.60)  found 0  new 0  kept 0  total 99
  tile 204/2809  (51.34,6.67)  found 0  new 0  kept 0  total 99
  tile 205/2809  (51.34,6.74)  found 0  new 0  kept 0  total 99
  tile 206/2809  (51.34,6.81)  found 0  new 0  kept 0  total 99
  tile 207/2809  (51.34,6.88)  found 0  new 0  kept 0  total 99
  tile 208/2809  (51.34,6.96)  found 0  new 0  kept 0  total 99
  tile 209/2809  (51.34,7.03)  found 0  new 0  kept 0  total 99
  tile 210/2809  (51.34,7.10)  found 0  new 0  kept 0  total 99
  tile 211/2809  (51.34,7.17)  found 0  new 0  kept 0  total 99
  tile 212/2809  (51.34,7.24)  found 0  new 0  kept 0  total 99
  tile 213/2809  (51.38,3.50)  found 1  new 1  kept 1  total 100
  tile 214/2809  (51.38,3.57)  found 0  new 0  kept 0  total 100
  tile 215/2809  (51.38,3.64)  found 0  new 0  kept 0  total 100
  tile 216/2809  (51.38,3.72)  found 0  new 0  kept 0  total 100
  tile 217/2809  (51.38,3.79)  found 10  new 10  kept 5  total 105
  tile 218/2809  (51.38,3.86)  found 0  new 0  kept 0  total 105
  tile 219/2809  (51.38,3.93)  found 0  new 0  kept 0  total 105
  tile 220/2809  (51.38,4.00)  found 3  new 3  kept 3  total 108
  tile 221/2809  (51.38,4.08)  found 0  new 0  kept 0  total 108
  tile 222/2809  (51.38,4.15)  found 0  new 0  kept 0  total 108
  tile 223/2809  (51.38,4.22)  found 0  new 0  kept 0  total 108
  tile 224/2809  (51.38,4.29)  found 10  new 10  kept 5  total 113
  tile 225/2809  (51.38,4.36)  found 0  new 0  kept 0  total 113
  tile 226/2809  (51.38,4.44)  found 0  new 0  kept 0  total 113
  tile 227/2809  (51.38,4.51)  found 0  new 0  kept 0  total 113
  tile 228/2809  (51.38,4.58)  found 0  new 0  kept 0  total 113
  tile 229/2809  (51.38,4.65)  found 0  new 0  kept 0  total 113
  tile 230/2809  (51.38,4.72)  found 0  new 0  kept 0  total 113
  tile 231/2809  (51.38,4.80)  found 0  new 0  kept 0  total 113
  tile 232/2809  (51.38,4.87)  found 0  new 0  kept 0  total 113
  tile 233/2809  (51.38,4.94)  found 0  new 0  kept 0  total 113
  tile 234/2809  (51.38,5.01)  found 0  new 0  kept 0  total 113
  tile 235/2809  (51.38,5.08)  found 0  new 0  kept 0  total 113
  tile 236/2809  (51.38,5.16)  found 0  new 0  kept 0  total 113
  tile 237/2809  (51.38,5.23)  found 0  new 0  kept 0  total 113
  tile 238/2809  (51.38,5.30)  found 0  new 0  kept 0  total 113
  tile 239/2809  (51.38,5.37)  found 0  new 0  kept 0  total 113
  tile 240/2809  (51.38,5.44)  found 2  new 2  kept 2  total 115
  tile 241/2809  (51.38,5.52)  found 12  new 12  kept 5  total 120
  tile 242/2809  (51.38,5.59)  found 0  new 0  kept 0  total 120
  tile 243/2809  (51.38,5.66)  found 0  new 0  kept 0  total 120
  tile 244/2809  (51.38,5.73)  found 9  new 9  kept 5  total 125
  tile 245/2809  (51.38,5.80)  found 0  new 0  kept 0  total 125
  tile 246/2809  (51.38,5.88)  found 0  new 0  kept 0  total 125
  tile 247/2809  (51.38,5.95)  found 2  new 2  kept 2  total 127
  tile 248/2809  (51.38,6.02)  found 0  new 0  kept 0  total 127
  tile 249/2809  (51.38,6.09)  found 0  new 0  kept 0  total 127
  tile 250/2809  (51.38,6.16)  found 85  new 85  kept 5  total 132
  tile 251/2809  (51.38,6.24)  found 0  new 0  kept 0  total 132
  tile 252/2809  (51.38,6.31)  found 0  new 0  kept 0  total 132
  tile 253/2809  (51.38,6.38)  found 0  new 0  kept 0  total 132
  tile 254/2809  (51.38,6.45)  found 0  new 0  kept 0  total 132
  tile 255/2809  (51.38,6.52)  found 0  new 0  kept 0  total 132
  tile 256/2809  (51.38,6.60)  found 0  new 0  kept 0  total 132
  tile 257/2809  (51.38,6.67)  found 0  new 0  kept 0  total 132
  tile 258/2809  (51.38,6.74)  found 0  new 0  kept 0  total 132
  tile 259/2809  (51.38,6.81)  found 0  new 0  kept 0  total 132
  tile 260/2809  (51.38,6.88)  found 0  new 0  kept 0  total 132
  tile 261/2809  (51.38,6.96)  found 0  new 0  kept 0  total 132
  tile 262/2809  (51.38,7.03)  found 0  new 0  kept 0  total 132
  tile 263/2809  (51.38,7.10)  found 0  new 0  kept 0  total 132
  tile 264/2809  (51.38,7.17)  found 0  new 0  kept 0  total 132
  tile 265/2809  (51.38,7.24)  found 0  new 0  kept 0  total 132
  tile 266/2809  (51.42,3.50)  found 0  new 0  kept 0  total 132
  tile 267/2809  (51.42,3.57)  found 0  new 0  kept 0  total 132
  tile 268/2809  (51.42,3.64)  found 0  new 0  kept 0  total 132
  tile 269/2809  (51.42,3.72)  found 45  new 45  kept 5  total 137
  tile 270/2809  (51.42,3.79)  found 0  new 0  kept 0  total 137
  tile 271/2809  (51.42,3.86)  found 0  new 0  kept 0  total 137
  tile 272/2809  (51.42,3.93)  found 43  new 43  kept 5  total 142
  tile 273/2809  (51.42,4.00)  found 0  new 0  kept 0  total 142
  tile 274/2809  (51.42,4.08)  found 2  new 2  kept 2  total 144
  tile 275/2809  (51.42,4.15)  found 14  new 14  kept 5  total 149
  tile 276/2809  (51.42,4.22)  found 8  new 8  kept 5  total 154
  tile 277/2809  (51.42,4.29)  found 3  new 3  kept 3  total 157
  tile 278/2809  (51.42,4.36)  found 1  new 1  kept 1  total 158
  tile 279/2809  (51.42,4.44)  found 0  new 0  kept 0  total 158
  tile 280/2809  (51.42,4.51)  found 0  new 0  kept 0  total 158
  tile 281/2809  (51.42,4.58)  found 0  new 0  kept 0  total 158
  tile 282/2809  (51.42,4.65)  found 0  new 0  kept 0  total 158
  tile 283/2809  (51.42,4.72)  found 0  new 0  kept 0  total 158
  tile 284/2809  (51.42,4.80)  found 0  new 0  kept 0  total 158
  tile 285/2809  (51.42,4.87)  found 1  new 1  kept 1  total 159
  tile 286/2809  (51.42,4.94)  found 2  new 2  kept 2  total 161
  tile 287/2809  (51.42,5.01)  found 0  new 0  kept 0  total 161
  tile 288/2809  (51.42,5.08)  found 0  new 0  kept 0  total 161
  tile 289/2809  (51.42,5.16)  found 0  new 0  kept 0  total 161
  tile 290/2809  (51.42,5.23)  found 0  new 0  kept 0  total 161
  tile 291/2809  (51.42,5.30)  found 0  new 0  kept 0  total 161
  tile 292/2809  (51.42,5.37)  found 0  new 0  kept 0  total 161
  tile 293/2809  (51.42,5.44)  found 7  new 7  kept 5  total 166
  tile 294/2809  (51.42,5.52)  found 2  new 2  kept 2  total 168
  tile 295/2809  (51.42,5.59)  found 1  new 1  kept 1  total 169
  tile 296/2809  (51.42,5.66)  found 5  new 5  kept 5  total 174
  tile 297/2809  (51.42,5.73)  found 0  new 0  kept 0  total 174
  tile 298/2809  (51.42,5.80)  found 0  new 0  kept 0  total 174
  tile 299/2809  (51.42,5.88)  found 0  new 0  kept 0  total 174
  tile 300/2809  (51.42,5.95)  found 2  new 2  kept 2  total 176
  tile 301/2809  (51.42,6.02)  found 0  new 0  kept 0  total 176
  tile 302/2809  (51.42,6.09)  found 0  new 0  kept 0  total 176
  tile 303/2809  (51.42,6.16)  found 4  new 4  kept 4  total 180
  tile 304/2809  (51.42,6.24)  found 0  new 0  kept 0  total 180
  tile 305/2809  (51.42,6.31)  found 0  new 0  kept 0  total 180
  tile 306/2809  (51.42,6.38)  found 0  new 0  kept 0  total 180
  tile 307/2809  (51.42,6.45)  found 0  new 0  kept 0  total 180
  tile 308/2809  (51.42,6.52)  found 0  new 0  kept 0  total 180
  tile 309/2809  (51.42,6.60)  found 0  new 0  kept 0  total 180
  tile 310/2809  (51.42,6.67)  found 0  new 0  kept 0  total 180
  tile 311/2809  (51.42,6.74)  found 0  new 0  kept 0  total 180
  tile 312/2809  (51.42,6.81)  found 0  new 0  kept 0  total 180
  tile 313/2809  (51.42,6.88)  found 0  new 0  kept 0  total 180
  tile 314/2809  (51.42,6.96)  found 0  new 0  kept 0  total 180
  tile 315/2809  (51.42,7.03)  found 0  new 0  kept 0  total 180
  tile 316/2809  (51.42,7.10)  found 0  new 0  kept 0  total 180
  tile 317/2809  (51.42,7.17)  found 0  new 0  kept 0  total 180
  tile 318/2809  (51.42,7.24)  found 0  new 0  kept 0  total 180
  tile 319/2809  (51.47,3.50)  found 0  new 0  kept 0  total 180
  tile 320/2809  (51.47,3.57)  found 21  new 21  kept 5  total 185
  tile 321/2809  (51.47,3.64)  found 0  new 0  kept 0  total 185
  tile 322/2809  (51.47,3.72)  found 182  new 182  kept 5  total 190
  tile 323/2809  (51.47,3.79)  found 2  new 2  kept 2  total 192
  tile 324/2809  (51.47,3.86)  found 0  new 0  kept 0  total 192
  tile 325/2809  (51.47,3.93)  found 3  new 3  kept 3  total 195
  tile 326/2809  (51.47,4.00)  found 35  new 35  kept 5  total 200
  tile 327/2809  (51.47,4.08)  found 1  new 1  kept 1  total 201
  tile 328/2809  (51.47,4.15)  found 0  new 0  kept 0  total 201
  tile 329/2809  (51.47,4.22)  found 2  new 2  kept 2  total 203
  tile 330/2809  (51.47,4.29)  found 30  new 30  kept 5  total 208
  tile 331/2809  (51.47,4.36)  found 0  new 0  kept 0  total 208
  tile 332/2809  (51.47,4.44)  found 0  new 0  kept 0  total 208
  tile 333/2809  (51.47,4.51)  found 0  new 0  kept 0  total 208
  tile 334/2809  (51.47,4.58)  found 4  new 4  kept 4  total 212
  tile 335/2809  (51.47,4.65)  found 0  new 0  kept 0  total 212
  tile 336/2809  (51.47,4.72)  found 1  new 1  kept 1  total 213
  tile 337/2809  (51.47,4.80)  found 0  new 0  kept 0  total 213
  tile 338/2809  (51.47,4.87)  found 0  new 0  kept 0  total 213
  tile 339/2809  (51.47,4.94)  found 0  new 0  kept 0  total 213
  tile 340/2809  (51.47,5.01)  found 0  new 0  kept 0  total 213
  tile 341/2809  (51.47,5.08)  found 0  new 0  kept 0  total 213
  tile 342/2809  (51.47,5.16)  found 0  new 0  kept 0  total 213
  tile 343/2809  (51.47,5.23)  found 0  new 0  kept 0  total 213
  tile 344/2809  (51.47,5.30)  found 0  new 0  kept 0  total 213
  tile 345/2809  (51.47,5.37)  found 0  new 0  kept 0  total 213
  tile 346/2809  (51.47,5.44)  found 35  new 35  kept 5  total 218
  tile 347/2809  (51.47,5.52)  found 0  new 0  kept 0  total 218
  tile 348/2809  (51.47,5.59)  found 0  new 0  kept 0  total 218
  tile 349/2809  (51.47,5.66)  found 70  new 70  kept 5  total 223
  tile 350/2809  (51.47,5.73)  found 4  new 4  kept 4  total 227
  tile 351/2809  (51.47,5.80)  found 1  new 1  kept 1  total 228
  tile 352/2809  (51.47,5.88)  found 0  new 0  kept 0  total 228
  tile 353/2809  (51.47,5.95)  found 2  new 2  kept 2  total 230
  tile 354/2809  (51.47,6.02)  found 0  new 0  kept 0  total 230
  tile 355/2809  (51.47,6.09)  found 5  new 5  kept 5  total 235
  tile 356/2809  (51.47,6.16)  found 5  new 5  kept 5  total 240
  tile 357/2809  (51.47,6.24)  found 0  new 0  kept 0  total 240
  tile 358/2809  (51.47,6.31)  found 0  new 0  kept 0  total 240
  tile 359/2809  (51.47,6.38)  found 0  new 0  kept 0  total 240
  tile 360/2809  (51.47,6.45)  found 0  new 0  kept 0  total 240
  tile 361/2809  (51.47,6.52)  found 0  new 0  kept 0  total 240
  tile 362/2809  (51.47,6.60)  found 0  new 0  kept 0  total 240
  tile 363/2809  (51.47,6.67)  found 0  new 0  kept 0  total 240
  tile 364/2809  (51.47,6.74)  found 0  new 0  kept 0  total 240
  tile 365/2809  (51.47,6.81)  found 0  new 0  kept 0  total 240
  tile 366/2809  (51.47,6.88)  found 0  new 0  kept 0  total 240
  tile 367/2809  (51.47,6.96)  found 0  new 0  kept 0  total 240
  tile 368/2809  (51.47,7.03)  found 0  new 0  kept 0  total 240
  tile 369/2809  (51.47,7.10)  found 0  new 0  kept 0  total 240
  tile 370/2809  (51.47,7.17)  found 0  new 0  kept 0  total 240
  tile 371/2809  (51.47,7.24)  found 0  new 0  kept 0  total 240
  tile 372/2809  (51.52,3.50)  found 0  new 0  kept 0  total 240
  tile 373/2809  (51.52,3.57)  found 0  new 0  kept 0  total 240
  tile 374/2809  (51.52,3.64)  found 0  new 0  kept 0  total 240
  tile 375/2809  (51.52,3.72)  found 10  new 10  kept 5  total 245
  tile 376/2809  (51.52,3.79)  found 1  new 1  kept 1  total 246
  tile 377/2809  (51.52,3.86)  found 2  new 2  kept 2  total 248
  tile 378/2809  (51.52,3.93)  found 0  new 0  kept 0  total 248
  tile 379/2809  (51.52,4.00)  found 35  new 35  kept 5  total 253
  tile 380/2809  (51.52,4.08)  found 0  new 0  kept 0  total 253
  tile 381/2809  (51.52,4.15)  found 27  new 27  kept 5  total 258
  tile 382/2809  (51.52,4.22)  found 1  new 1  kept 1  total 259
  tile 383/2809  (51.52,4.29)  found 0  new 0  kept 0  total 259
  tile 384/2809  (51.52,4.36)  found 5  new 5  kept 5  total 264
  tile 385/2809  (51.52,4.44)  found 3  new 3  kept 3  total 267
  tile 386/2809  (51.52,4.51)  found 0  new 0  kept 0  total 267
  tile 387/2809  (51.52,4.58)  found 0  new 0  kept 0  total 267
  tile 388/2809  (51.52,4.65)  found 1  new 1  kept 1  total 268
  tile 389/2809  (51.52,4.72)  found 2  new 2  kept 2  total 270
  tile 390/2809  (51.52,4.80)  found 0  new 0  kept 0  total 270
  tile 391/2809  (51.52,4.87)  found 0  new 0  kept 0  total 270
  tile 392/2809  (51.52,4.94)  found 0  new 0  kept 0  total 270
  tile 393/2809  (51.52,5.01)  found 0  new 0  kept 0  total 270
  tile 394/2809  (51.52,5.08)  found 0  new 0  kept 0  total 270
  tile 395/2809  (51.52,5.16)  found 1  new 1  kept 1  total 271
  tile 396/2809  (51.52,5.23)  found 3  new 3  kept 3  total 274
  tile 397/2809  (51.52,5.30)  found 0  new 0  kept 0  total 274
  tile 398/2809  (51.52,5.37)  found 5  new 5  kept 5  total 279
  tile 399/2809  (51.52,5.44)  found 0  new 0  kept 0  total 279
  tile 400/2809  (51.52,5.52)  found 11  new 11  kept 5  total 284
  tile 401/2809  (51.52,5.59)  found 17  new 17  kept 5  total 289
  tile 402/2809  (51.52,5.66)  found 32  new 32  kept 5  total 294
  tile 403/2809  (51.52,5.73)  found 0  new 0  kept 0  total 294
  tile 404/2809  (51.52,5.80)  found 0  new 0  kept 0  total 294
  tile 405/2809  (51.52,5.88)  found 0  new 0  kept 0  total 294
  tile 406/2809  (51.52,5.95)  found 0  new 0  kept 0  total 294
  tile 407/2809  (51.52,6.02)  found 21  new 21  kept 5  total 299
  tile 408/2809  (51.52,6.09)  found 0  new 0  kept 0  total 299
  tile 409/2809  (51.52,6.16)  found 12  new 12  kept 5  total 304
  tile 410/2809  (51.52,6.24)  found 0  new 0  kept 0  total 304
  tile 411/2809  (51.52,6.31)  found 0  new 0  kept 0  total 304
  tile 412/2809  (51.52,6.38)  found 0  new 0  kept 0  total 304
  tile 413/2809  (51.52,6.45)  found 0  new 0  kept 0  total 304
  tile 414/2809  (51.52,6.52)  found 0  new 0  kept 0  total 304
  tile 415/2809  (51.52,6.60)  found 0  new 0  kept 0  total 304
  tile 416/2809  (51.52,6.67)  found 0  new 0  kept 0  total 304
  tile 417/2809  (51.52,6.74)  found 0  new 0  kept 0  total 304
  tile 418/2809  (51.52,6.81)  found 0  new 0  kept 0  total 304
  tile 419/2809  (51.52,6.88)  found 0  new 0  kept 0  total 304
  tile 420/2809  (51.52,6.96)  found 0  new 0  kept 0  total 304
  tile 421/2809  (51.52,7.03)  found 0  new 0  kept 0  total 304
  tile 422/2809  (51.52,7.10)  found 0  new 0  kept 0  total 304
  tile 423/2809  (51.52,7.17)  found 0  new 0  kept 0  total 304
  tile 424/2809  (51.52,7.24)  found 0  new 0  kept 0  total 304
  tile 425/2809  (51.56,3.50)  found 28  new 28  kept 5  total 309
  tile 426/2809  (51.56,3.57)  found 0  new 0  kept 0  total 309
  tile 427/2809  (51.56,3.64)  found 1  new 1  kept 1  total 310
  tile 428/2809  (51.56,3.72)  found 0  new 0  kept 0  total 310
  tile 429/2809  (51.56,3.79)  found 0  new 0  kept 0  total 310
  tile 430/2809  (51.56,3.86)  found 0  new 0  kept 0  total 310
  tile 431/2809  (51.56,3.93)  found 0  new 0  kept 0  total 310
  tile 432/2809  (51.56,4.00)  found 0  new 0  kept 0  total 310
  tile 433/2809  (51.56,4.08)  found 2  new 2  kept 2  total 312
  tile 434/2809  (51.56,4.15)  found 0  new 0  kept 0  total 312
  tile 435/2809  (51.56,4.22)  found 4  new 4  kept 4  total 316
  tile 436/2809  (51.56,4.29)  found 7  new 7  kept 5  total 321
  tile 437/2809  (51.56,4.36)  found 2  new 2  kept 2  total 323
  tile 438/2809  (51.56,4.44)  found 7  new 7  kept 5  total 328
  tile 439/2809  (51.56,4.51)  found 0  new 0  kept 0  total 328
  tile 440/2809  (51.56,4.58)  found 12  new 12  kept 5  total 333
  tile 441/2809  (51.56,4.65)  found 3  new 3  kept 3  total 336
  tile 442/2809  (51.56,4.72)  found 15  new 15  kept 5  total 341
  tile 443/2809  (51.56,4.80)  found 2  new 2  kept 2  total 343
  tile 444/2809  (51.56,4.87)  found 1  new 1  kept 1  total 344
  tile 445/2809  (51.56,4.94)  found 5  new 5  kept 5  total 349
  tile 446/2809  (51.56,5.01)  found 2  new 2  kept 2  total 351
  tile 447/2809  (51.56,5.08)  found 49  new 49  kept 5  total 356
  tile 448/2809  (51.56,5.16)  found 0  new 0  kept 0  total 356
  tile 449/2809  (51.56,5.23)  found 0  new 0  kept 0  total 356
  tile 450/2809  (51.56,5.30)  found 0  new 0  kept 0  total 356
  tile 451/2809  (51.56,5.37)  found 2  new 2  kept 2  total 358
  tile 452/2809  (51.56,5.44)  found 7  new 7  kept 5  total 363
  tile 453/2809  (51.56,5.52)  found 0  new 0  kept 0  total 363
  tile 454/2809  (51.56,5.59)  found 0  new 0  kept 0  total 363
  tile 455/2809  (51.56,5.66)  found 8  new 8  kept 5  total 368
  tile 456/2809  (51.56,5.73)  found 1  new 1  kept 1  total 369
  tile 457/2809  (51.56,5.80)  found 0  new 0  kept 0  total 369
  tile 458/2809  (51.56,5.88)  found 6  new 6  kept 5  total 374
  tile 459/2809  (51.56,5.95)  found 0  new 0  kept 0  total 374
  tile 460/2809  (51.56,6.02)  found 0  new 0  kept 0  total 374
  tile 461/2809  (51.56,6.09)  found 41  new 41  kept 5  total 379
  tile 462/2809  (51.56,6.16)  found 0  new 0  kept 0  total 379
  tile 463/2809  (51.56,6.24)  found 0  new 0  kept 0  total 379
  tile 464/2809  (51.56,6.31)  found 0  new 0  kept 0  total 379
  tile 465/2809  (51.56,6.38)  found 0  new 0  kept 0  total 379
  tile 466/2809  (51.56,6.45)  found 0  new 0  kept 0  total 379
  tile 467/2809  (51.56,6.52)  found 0  new 0  kept 0  total 379
  tile 468/2809  (51.56,6.60)  found 0  new 0  kept 0  total 379
  tile 469/2809  (51.56,6.67)  found 0  new 0  kept 0  total 379
  tile 470/2809  (51.56,6.74)  found 0  new 0  kept 0  total 379
  tile 471/2809  (51.56,6.81)  found 0  new 0  kept 0  total 379
  tile 472/2809  (51.56,6.88)  found 0  new 0  kept 0  total 379
  tile 473/2809  (51.56,6.96)  found 0  new 0  kept 0  total 379
  tile 474/2809  (51.56,7.03)  found 0  new 0  kept 0  total 379
  tile 475/2809  (51.56,7.10)  found 0  new 0  kept 0  total 379
  tile 476/2809  (51.56,7.17)  found 0  new 0  kept 0  total 379
  tile 477/2809  (51.56,7.24)  found 0  new 0  kept 0  total 379
  tile 478/2809  (51.60,3.50)  found 0  new 0  kept 0  total 379
  tile 479/2809  (51.60,3.57)  found 0  new 0  kept 0  total 379
  tile 480/2809  (51.60,3.64)  found 0  new 0  kept 0  total 379
  tile 481/2809  (51.60,3.72)  found 0  new 0  kept 0  total 379
  tile 482/2809  (51.60,3.79)  found 0  new 0  kept 0  total 379
  tile 483/2809  (51.60,3.86)  found 0  new 0  kept 0  total 379
  tile 484/2809  (51.60,3.93)  found 0  new 0  kept 0  total 379
  tile 485/2809  (51.60,4.00)  found 0  new 0  kept 0  total 379
  tile 486/2809  (51.60,4.08)  found 41  new 41  kept 5  total 384
  tile 487/2809  (51.60,4.15)  found 80  new 80  kept 5  total 389
  tile 488/2809  (51.60,4.22)  found 0  new 0  kept 0  total 389
  tile 489/2809  (51.60,4.29)  found 0  new 0  kept 0  total 389
  tile 490/2809  (51.60,4.36)  found 17  new 17  kept 5  total 394
  tile 491/2809  (51.60,4.44)  found 24  new 24  kept 5  total 399
  tile 492/2809  (51.60,4.51)  found 15  new 15  kept 5  total 404
  tile 493/2809  (51.60,4.58)  found 3  new 3  kept 3  total 407
  tile 494/2809  (51.60,4.65)  found 6  new 6  kept 5  total 412
  tile 495/2809  (51.60,4.72)  found 36  new 36  kept 5  total 417
  tile 496/2809  (51.60,4.80)  found 4  new 4  kept 4  total 421
  tile 497/2809  (51.60,4.87)  found 2  new 2  kept 2  total 423
  tile 498/2809  (51.60,4.94)  found 0  new 0  kept 0  total 423
  tile 499/2809  (51.60,5.01)  found 64  new 64  kept 5  total 428
  tile 500/2809  (51.60,5.08)  found 3  new 3  kept 3  total 431
  tile 501/2809  (51.60,5.16)  found 14  new 14  kept 5  total 436
  tile 502/2809  (51.60,5.23)  found 0  new 0  kept 0  total 436
  tile 503/2809  (51.60,5.30)  found 4  new 4  kept 4  total 440
  tile 504/2809  (51.60,5.37)  found 0  new 0  kept 0  total 440
  tile 505/2809  (51.60,5.44)  found 3  new 3  kept 3  total 443
  tile 506/2809  (51.60,5.52)  found 32  new 32  kept 5  total 448
  tile 507/2809  (51.60,5.59)  found 1  new 1  kept 1  total 449
  tile 508/2809  (51.60,5.66)  found 14  new 14  kept 5  total 454
  tile 509/2809  (51.60,5.73)  found 0  new 0  kept 0  total 454
  tile 510/2809  (51.60,5.80)  found 4  new 4  kept 4  total 458
  tile 511/2809  (51.60,5.88)  found 1  new 1  kept 1  total 459
  tile 512/2809  (51.60,5.95)  found 0  new 0  kept 0  total 459
  tile 513/2809  (51.60,6.02)  found 3  new 3  kept 3  total 462
  tile 514/2809  (51.60,6.09)  found 0  new 0  kept 0  total 462
  tile 515/2809  (51.60,6.16)  found 0  new 0  kept 0  total 462
  tile 516/2809  (51.60,6.24)  found 0  new 0  kept 0  total 462
  tile 517/2809  (51.60,6.31)  found 0  new 0  kept 0  total 462
  tile 518/2809  (51.60,6.38)  found 0  new 0  kept 0  total 462
  tile 519/2809  (51.60,6.45)  found 0  new 0  kept 0  total 462
  tile 520/2809  (51.60,6.52)  found 0  new 0  kept 0  total 462
  tile 521/2809  (51.60,6.60)  found 0  new 0  kept 0  total 462
  tile 522/2809  (51.60,6.67)  found 0  new 0  kept 0  total 462
  tile 523/2809  (51.60,6.74)  found 0  new 0  kept 0  total 462
  tile 524/2809  (51.60,6.81)  found 0  new 0  kept 0  total 462
  tile 525/2809  (51.60,6.88)  found 0  new 0  kept 0  total 462
  tile 526/2809  (51.60,6.96)  found 0  new 0  kept 0  total 462
  tile 527/2809  (51.60,7.03)  found 0  new 0  kept 0  total 462
  tile 528/2809  (51.60,7.10)  found 0  new 0  kept 0  total 462
  tile 529/2809  (51.60,7.17)  found 0  new 0  kept 0  total 462
  tile 530/2809  (51.60,7.24)  found 0  new 0  kept 0  total 462
  tile 531/2809  (51.65,3.50)  found 0  new 0  kept 0  total 462
  tile 532/2809  (51.65,3.57)  found 0  new 0  kept 0  total 462
  tile 533/2809  (51.65,3.64)  found 0  new 0  kept 0  total 462
  tile 534/2809  (51.65,3.72)  found 3  new 3  kept 3  total 465
  tile 535/2809  (51.65,3.79)  found 0  new 0  kept 0  total 465
  tile 536/2809  (51.65,3.86)  found 0  new 0  kept 0  total 465
  tile 537/2809  (51.65,3.93)  found 19  new 19  kept 5  total 470
  tile 538/2809  (51.65,4.00)  found 3  new 3  kept 3  total 473
  tile 539/2809  (51.65,4.08)  found 0  new 0  kept 0  total 473
  tile 540/2809  (51.65,4.15)  found 0  new 0  kept 0  total 473
  tile 541/2809  (51.65,4.22)  found 0  new 0  kept 0  total 473
  tile 542/2809  (51.65,4.29)  found 0  new 0  kept 0  total 473
  tile 543/2809  (51.65,4.36)  found 2  new 2  kept 2  total 475
  tile 544/2809  (51.65,4.44)  found 0  new 0  kept 0  total 475
  tile 545/2809  (51.65,4.51)  found 0  new 0  kept 0  total 475
  tile 546/2809  (51.65,4.58)  found 2  new 2  kept 2  total 477
  tile 547/2809  (51.65,4.65)  found 2  new 2  kept 2  total 479
  tile 548/2809  (51.65,4.72)  found 33  new 33  kept 5  total 484
  tile 549/2809  (51.65,4.80)  found 0  new 0  kept 0  total 484
  tile 550/2809  (51.65,4.87)  found 15  new 15  kept 5  total 489
  tile 551/2809  (51.65,4.94)  found 1  new 1  kept 1  total 490
  tile 552/2809  (51.65,5.01)  found 3  new 3  kept 3  total 493
  tile 553/2809  (51.65,5.08)  found 0  new 0  kept 0  total 493
  tile 554/2809  (51.65,5.16)  found 0  new 0  kept 0  total 493
  tile 555/2809  (51.65,5.23)  found 0  new 0  kept 0  total 493
  tile 556/2809  (51.65,5.30)  found 211  new 211  kept 5  total 498
  tile 557/2809  (51.65,5.37)  found 6  new 6  kept 5  total 503
  tile 558/2809  (51.65,5.44)  found 27  new 27  kept 5  total 508
  tile 559/2809  (51.65,5.52)  found 1  new 1  kept 1  total 509
  tile 560/2809  (51.65,5.59)  found 16  new 16  kept 5  total 514
  tile 561/2809  (51.65,5.66)  found 0  new 0  kept 0  total 514
  tile 562/2809  (51.65,5.73)  found 2  new 2  kept 2  total 516
  tile 563/2809  (51.65,5.80)  found 3  new 3  kept 3  total 519
  tile 564/2809  (51.65,5.88)  found 0  new 0  kept 0  total 519
  tile 565/2809  (51.65,5.95)  found 68  new 68  kept 5  total 524
  tile 566/2809  (51.65,6.02)  found 0  new 0  kept 0  total 524
  tile 567/2809  (51.65,6.09)  found 1  new 1  kept 1  total 525
  tile 568/2809  (51.65,6.16)  found 0  new 0  kept 0  total 525
  tile 569/2809  (51.65,6.24)  found 0  new 0  kept 0  total 525
  tile 570/2809  (51.65,6.31)  found 0  new 0  kept 0  total 525
  tile 571/2809  (51.65,6.38)  found 0  new 0  kept 0  total 525
  tile 572/2809  (51.65,6.45)  found 0  new 0  kept 0  total 525
  tile 573/2809  (51.65,6.52)  found 0  new 0  kept 0  total 525
  tile 574/2809  (51.65,6.60)  found 0  new 0  kept 0  total 525
  tile 575/2809  (51.65,6.67)  found 0  new 0  kept 0  total 525
  tile 576/2809  (51.65,6.74)  found 0  new 0  kept 0  total 525
  tile 577/2809  (51.65,6.81)  found 0  new 0  kept 0  total 525
  tile 578/2809  (51.65,6.88)  found 0  new 0  kept 0  total 525
  tile 579/2809  (51.65,6.96)  found 0  new 0  kept 0  total 525
  tile 580/2809  (51.65,7.03)  found 0  new 0  kept 0  total 525
  tile 581/2809  (51.65,7.10)  found 0  new 0  kept 0  total 525
  tile 582/2809  (51.65,7.17)  found 0  new 0  kept 0  total 525
  tile 583/2809  (51.65,7.24)  found 0  new 0  kept 0  total 525
  tile 584/2809  (51.70,3.50)  found 0  new 0  kept 0  total 525
  tile 585/2809  (51.70,3.57)  found 0  new 0  kept 0  total 525
  tile 586/2809  (51.70,3.64)  found 0  new 0  kept 0  total 525
  tile 587/2809  (51.70,3.72)  found 0  new 0  kept 0  total 525
  tile 588/2809  (51.70,3.79)  found 15  new 15  kept 5  total 530
  tile 589/2809  (51.70,3.86)  found 3  new 3  kept 3  total 533
  tile 590/2809  (51.70,3.93)  found 1  new 1  kept 1  total 534
  tile 591/2809  (51.70,4.00)  found 0  new 0  kept 0  total 534
  tile 592/2809  (51.70,4.08)  found 0  new 0  kept 0  total 534
  tile 593/2809  (51.70,4.15)  found 40  new 40  kept 5  total 539
  tile 594/2809  (51.70,4.22)  found 10  new 10  kept 5  total 544
  tile 595/2809  (51.70,4.29)  found 5  new 5  kept 5  total 549
  tile 596/2809  (51.70,4.36)  found 17  new 17  kept 5  total 554
  tile 597/2809  (51.70,4.44)  found 23  new 23  kept 5  total 559
  tile 598/2809  (51.70,4.51)  found 6  new 6  kept 5  total 564
  tile 599/2809  (51.70,4.58)  found 22  new 22  kept 5  total 569
  tile 600/2809  (51.70,4.65)  found 58  new 58  kept 5  total 574
  tile 601/2809  (51.70,4.72)  found 0  new 0  kept 0  total 574
  tile 602/2809  (51.70,4.80)  found 0  new 0  kept 0  total 574
  tile 603/2809  (51.70,4.87)  found 37  new 37  kept 5  total 579
  tile 604/2809  (51.70,4.94)  found 4  new 4  kept 4  total 583
  tile 605/2809  (51.70,5.01)  found 0  new 0  kept 0  total 583
  tile 606/2809  (51.70,5.08)  found 14  new 14  kept 5  total 588
  tile 607/2809  (51.70,5.16)  found 10  new 10  kept 5  total 593
  tile 608/2809  (51.70,5.23)  found 5  new 5  kept 5  total 598
  tile 609/2809  (51.70,5.30)  found 111  new 111  kept 5  total 603
  tile 610/2809  (51.70,5.37)  found 4  new 4  kept 4  total 607
  tile 611/2809  (51.70,5.44)  found 0  new 0  kept 0  total 607
  tile 612/2809  (51.70,5.52)  found 0  new 0  kept 0  total 607
  tile 613/2809  (51.70,5.59)  found 3  new 3  kept 3  total 610
  tile 614/2809  (51.70,5.66)  found 0  new 0  kept 0  total 610
  tile 615/2809  (51.70,5.73)  found 4  new 4  kept 4  total 614
  tile 616/2809  (51.70,5.80)  found 0  new 0  kept 0  total 614
  tile 617/2809  (51.70,5.88)  found 0  new 0  kept 0  total 614
  tile 618/2809  (51.70,5.95)  found 7  new 7  kept 5  total 619
  tile 619/2809  (51.70,6.02)  found 0  new 0  kept 0  total 619
  tile 620/2809  (51.70,6.09)  found 0  new 0  kept 0  total 619
  tile 621/2809  (51.70,6.16)  found 0  new 0  kept 0  total 619
  tile 622/2809  (51.70,6.24)  found 0  new 0  kept 0  total 619
  tile 623/2809  (51.70,6.31)  found 0  new 0  kept 0  total 619
  tile 624/2809  (51.70,6.38)  found 0  new 0  kept 0  total 619
  tile 625/2809  (51.70,6.45)  found 0  new 0  kept 0  total 619
  tile 626/2809  (51.70,6.52)  found 0  new 0  kept 0  total 619
  tile 627/2809  (51.70,6.60)  found 0  new 0  kept 0  total 619
  tile 628/2809  (51.70,6.67)  found 0  new 0  kept 0  total 619
  tile 629/2809  (51.70,6.74)  found 0  new 0  kept 0  total 619
  tile 630/2809  (51.70,6.81)  found 0  new 0  kept 0  total 619
  tile 631/2809  (51.70,6.88)  found 0  new 0  kept 0  total 619
  tile 632/2809  (51.70,6.96)  found 0  new 0  kept 0  total 619
  tile 633/2809  (51.70,7.03)  found 0  new 0  kept 0  total 619
  tile 634/2809  (51.70,7.10)  found 0  new 0  kept 0  total 619
  tile 635/2809  (51.70,7.17)  found 0  new 0  kept 0  total 619
  tile 636/2809  (51.70,7.24)  found 0  new 0  kept 0  total 619
  tile 637/2809  (51.74,3.50)  found 0  new 0  kept 0  total 619
  tile 638/2809  (51.74,3.57)  found 0  new 0  kept 0  total 619
  tile 639/2809  (51.74,3.64)  found 0  new 0  kept 0  total 619
  tile 640/2809  (51.74,3.72)  found 0  new 0  kept 0  total 619
  tile 641/2809  (51.74,3.79)  found 1  new 1  kept 1  total 620
  tile 642/2809  (51.74,3.86)  found 0  new 0  kept 0  total 620
  tile 643/2809  (51.74,3.93)  found 0  new 0  kept 0  total 620
  tile 644/2809  (51.74,4.00)  found 0  new 0  kept 0  total 620
  tile 645/2809  (51.74,4.08)  found 0  new 0  kept 0  total 620
  tile 646/2809  (51.74,4.15)  found 4  new 4  kept 4  total 624
  tile 647/2809  (51.74,4.22)  found 0  new 0  kept 0  total 624
  tile 648/2809  (51.74,4.29)  found 0  new 0  kept 0  total 624
  tile 649/2809  (51.74,4.36)  found 63  new 63  kept 5  total 629
  tile 650/2809  (51.74,4.44)  found 0  new 0  kept 0  total 629
  tile 651/2809  (51.74,4.51)  found 0  new 0  kept 0  total 629
  tile 652/2809  (51.74,4.58)  found 0  new 0  kept 0  total 629
  tile 653/2809  (51.74,4.65)  found 44  new 44  kept 5  total 634
  tile 654/2809  (51.74,4.72)  found 0  new 0  kept 0  total 634
  tile 655/2809  (51.74,4.80)  found 0  new 0  kept 0  total 634
  tile 656/2809  (51.74,4.87)  found 21  new 21  kept 5  total 639
  tile 657/2809  (51.74,4.94)  found 1  new 1  kept 1  total 640
  tile 658/2809  (51.74,5.01)  found 0  new 0  kept 0  total 640
  tile 659/2809  (51.74,5.08)  found 0  new 0  kept 0  total 640
  tile 660/2809  (51.74,5.16)  found 3  new 3  kept 3  total 643
  tile 661/2809  (51.74,5.23)  found 14  new 14  kept 5  total 648
  tile 662/2809  (51.74,5.30)  found 18  new 18  kept 5  total 653
  tile 663/2809  (51.74,5.37)  found 13  new 13  kept 5  total 658
  tile 664/2809  (51.74,5.44)  found 0  new 0  kept 0  total 658
  tile 665/2809  (51.74,5.52)  found 12  new 12  kept 5  total 663
  tile 666/2809  (51.74,5.59)  found 0  new 0  kept 0  total 663
  tile 667/2809  (51.74,5.66)  found 5  new 5  kept 5  total 668
  tile 668/2809  (51.74,5.73)  found 1  new 1  kept 1  total 669
  tile 669/2809  (51.74,5.80)  found 0  new 0  kept 0  total 669
  tile 670/2809  (51.74,5.88)  found 66  new 66  kept 5  total 674
  tile 671/2809  (51.74,5.95)  found 0  new 0  kept 0  total 674
  tile 672/2809  (51.74,6.02)  found 0  new 0  kept 0  total 674
  tile 673/2809  (51.74,6.09)  found 0  new 0  kept 0  total 674
  tile 674/2809  (51.74,6.16)  found 0  new 0  kept 0  total 674
  tile 675/2809  (51.74,6.24)  found 0  new 0  kept 0  total 674
  tile 676/2809  (51.74,6.31)  found 0  new 0  kept 0  total 674
  tile 677/2809  (51.74,6.38)  found 0  new 0  kept 0  total 674
  tile 678/2809  (51.74,6.45)  found 0  new 0  kept 0  total 674
  tile 679/2809  (51.74,6.52)  found 0  new 0  kept 0  total 674
  tile 680/2809  (51.74,6.60)  found 0  new 0  kept 0  total 674
  tile 681/2809  (51.74,6.67)  found 0  new 0  kept 0  total 674
  tile 682/2809  (51.74,6.74)  found 0  new 0  kept 0  total 674
  tile 683/2809  (51.74,6.81)  found 0  new 0  kept 0  total 674
  tile 684/2809  (51.74,6.88)  found 0  new 0  kept 0  total 674
  tile 685/2809  (51.74,6.96)  found 0  new 0  kept 0  total 674
  tile 686/2809  (51.74,7.03)  found 0  new 0  kept 0  total 674
  tile 687/2809  (51.74,7.10)  found 0  new 0  kept 0  total 674
  tile 688/2809  (51.74,7.17)  found 0  new 0  kept 0  total 674
  tile 689/2809  (51.74,7.24)  found 0  new 0  kept 0  total 674
  tile 690/2809  (51.78,3.50)  found 0  new 0  kept 0  total 674
  tile 691/2809  (51.78,3.57)  found 0  new 0  kept 0  total 674
  tile 692/2809  (51.78,3.64)  found 0  new 0  kept 0  total 674
  tile 693/2809  (51.78,3.72)  found 0  new 0  kept 0  total 674
  tile 694/2809  (51.78,3.79)  found 0  new 0  kept 0  total 674
  tile 695/2809  (51.78,3.86)  found 0  new 0  kept 0  total 674
  tile 696/2809  (51.78,3.93)  found 0  new 0  kept 0  total 674
  tile 697/2809  (51.78,4.00)  found 0  new 0  kept 0  total 674
  tile 698/2809  (51.78,4.08)  found 1  new 1  kept 1  total 675
  tile 699/2809  (51.78,4.15)  found 40  new 40  kept 5  total 680
  tile 700/2809  (51.78,4.22)  found 0  new 0  kept 0  total 680
  tile 701/2809  (51.78,4.29)  found 0  new 0  kept 0  total 680
  tile 702/2809  (51.78,4.36)  found 1  new 1  kept 1  total 681
  tile 703/2809  (51.78,4.44)  found 0  new 0  kept 0  total 681
  tile 704/2809  (51.78,4.51)  found 11  new 11  kept 5  total 686
  tile 705/2809  (51.78,4.58)  found 73  new 73  kept 5  total 691
  tile 706/2809  (51.78,4.65)  found 103  new 103  kept 5  total 696
  tile 707/2809  (51.78,4.72)  found 9  new 9  kept 5  total 701
  tile 708/2809  (51.78,4.80)  found 4  new 4  kept 4  total 705
  tile 709/2809  (51.78,4.87)  found 31  new 31  kept 5  total 710
  tile 710/2809  (51.78,4.94)  found 16  new 16  kept 5  total 715
  tile 711/2809  (51.78,5.01)  found 4  new 4  kept 4  total 719
  tile 712/2809  (51.78,5.08)  found 7  new 7  kept 5  total 724
  tile 713/2809  (51.78,5.16)  found 0  new 0  kept 0  total 724
  tile 714/2809  (51.78,5.23)  found 2  new 2  kept 2  total 726
  tile 715/2809  (51.78,5.30)  found 0  new 0  kept 0  total 726
  tile 716/2809  (51.78,5.37)  found 30  new 30  kept 5  total 731
  tile 717/2809  (51.78,5.44)  found 0  new 0  kept 0  total 731
  tile 718/2809  (51.78,5.52)  found 0  new 0  kept 0  total 731
  tile 719/2809  (51.78,5.59)  found 0  new 0  kept 0  total 731
  tile 720/2809  (51.78,5.66)  found 98  new 98  kept 5  total 736
  tile 721/2809  (51.78,5.73)  found 2  new 2  kept 2  total 738
  tile 722/2809  (51.78,5.80)  found 0  new 0  kept 0  total 738
  tile 723/2809  (51.78,5.88)  found 2  new 2  kept 2  total 740
  tile 724/2809  (51.78,5.95)  found 0  new 0  kept 0  total 740
  tile 725/2809  (51.78,6.02)  found 0  new 0  kept 0  total 740
  tile 726/2809  (51.78,6.09)  found 0  new 0  kept 0  total 740
  tile 727/2809  (51.78,6.16)  found 0  new 0  kept 0  total 740
  tile 728/2809  (51.78,6.24)  found 0  new 0  kept 0  total 740
  tile 729/2809  (51.78,6.31)  found 0  new 0  kept 0  total 740
  tile 730/2809  (51.78,6.38)  found 0  new 0  kept 0  total 740
  tile 731/2809  (51.78,6.45)  found 0  new 0  kept 0  total 740
  tile 732/2809  (51.78,6.52)  found 0  new 0  kept 0  total 740
  tile 733/2809  (51.78,6.60)  found 0  new 0  kept 0  total 740
  tile 734/2809  (51.78,6.67)  found 0  new 0  kept 0  total 740
  tile 735/2809  (51.78,6.74)  found 0  new 0  kept 0  total 740
  tile 736/2809  (51.78,6.81)  found 0  new 0  kept 0  total 740
  tile 737/2809  (51.78,6.88)  found 0  new 0  kept 0  total 740
  tile 738/2809  (51.78,6.96)  found 0  new 0  kept 0  total 740
  tile 739/2809  (51.78,7.03)  found 0  new 0  kept 0  total 740
  tile 740/2809  (51.78,7.10)  found 0  new 0  kept 0  total 740
  tile 741/2809  (51.78,7.17)  found 0  new 0  kept 0  total 740
  tile 742/2809  (51.78,7.24)  found 0  new 0  kept 0  total 740
  tile 743/2809  (51.83,3.50)  found 0  new 0  kept 0  total 740
  tile 744/2809  (51.83,3.57)  found 0  new 0  kept 0  total 740
  tile 745/2809  (51.83,3.64)  found 0  new 0  kept 0  total 740
  tile 746/2809  (51.83,3.72)  found 0  new 0  kept 0  total 740
  tile 747/2809  (51.83,3.79)  found 0  new 0  kept 0  total 740
  tile 748/2809  (51.83,3.86)  found 0  new 0  kept 0  total 740
  tile 749/2809  (51.83,3.93)  found 1  new 1  kept 1  total 741
  tile 750/2809  (51.83,4.00)  found 7  new 7  kept 5  total 746
  tile 751/2809  (51.83,4.08)  found 0  new 0  kept 0  total 746
  tile 752/2809  (51.83,4.15)  found 60  new 60  kept 5  total 751
  tile 753/2809  (51.83,4.22)  found 0  new 0  kept 0  total 751
  tile 754/2809  (51.83,4.29)  found 2  new 2  kept 2  total 753
  tile 755/2809  (51.83,4.36)  found 14  new 14  kept 5  total 758
  tile 756/2809  (51.83,4.44)  found 69  new 69  kept 5  total 763
  tile 757/2809  (51.83,4.51)  found 215  new 215  kept 5  total 768
  tile 758/2809  (51.83,4.58)  found 23  new 23  kept 5  total 773
  tile 759/2809  (51.83,4.65)  found 152  new 152  kept 5  total 778
  tile 760/2809  (51.83,4.72)  found 162  new 162  kept 5  total 783
  tile 761/2809  (51.83,4.80)  found 147  new 147  kept 5  total 788
  tile 762/2809  (51.83,4.87)  found 301  new 301  kept 5  total 793
  tile 763/2809  (51.83,4.94)  found 350  new 350  kept 5  total 798
  tile 764/2809  (51.83,5.01)  found 155  new 155  kept 5  total 803
  tile 765/2809  (51.83,5.08)  found 116  new 116  kept 5  total 808
  tile 766/2809  (51.83,5.16)  found 1  new 1  kept 1  total 809
  tile 767/2809  (51.83,5.23)  found 8  new 8  kept 5  total 814
  tile 768/2809  (51.83,5.30)  found 116  new 116  kept 5  total 819
  tile 769/2809  (51.83,5.37)  found 98  new 98  kept 5  total 824
  tile 770/2809  (51.83,5.44)  found 0  new 0  kept 0  total 824
  tile 771/2809  (51.83,5.52)  found 34  new 34  kept 5  total 829
  tile 772/2809  (51.83,5.59)  found 17  new 17  kept 5  total 834
  tile 773/2809  (51.83,5.66)  found 0  new 0  kept 0  total 834
  tile 774/2809  (51.83,5.73)  found 1  new 1  kept 1  total 835
  tile 775/2809  (51.83,5.80)  found 18  new 18  kept 5  total 840
  tile 776/2809  (51.83,5.88)  found 8  new 8  kept 5  total 845
  tile 777/2809  (51.83,5.95)  found 0  new 0  kept 0  total 845
  tile 778/2809  (51.83,6.02)  found 0  new 0  kept 0  total 845
  tile 779/2809  (51.83,6.09)  found 0  new 0  kept 0  total 845
  tile 780/2809  (51.83,6.16)  found 0  new 0  kept 0  total 845
  tile 781/2809  (51.83,6.24)  found 0  new 0  kept 0  total 845
  tile 782/2809  (51.83,6.31)  found 0  new 0  kept 0  total 845
  tile 783/2809  (51.83,6.38)  found 0  new 0  kept 0  total 845
  tile 784/2809  (51.83,6.45)  found 0  new 0  kept 0  total 845
  tile 785/2809  (51.83,6.52)  found 0  new 0  kept 0  total 845
  tile 786/2809  (51.83,6.60)  found 0  new 0  kept 0  total 845
  tile 787/2809  (51.83,6.67)  found 0  new 0  kept 0  total 845
  tile 788/2809  (51.83,6.74)  found 0  new 0  kept 0  total 845
  tile 789/2809  (51.83,6.81)  found 0  new 0  kept 0  total 845
  tile 790/2809  (51.83,6.88)  found 0  new 0  kept 0  total 845
  tile 791/2809  (51.83,6.96)  found 0  new 0  kept 0  total 845
  tile 792/2809  (51.83,7.03)  found 0  new 0  kept 0  total 845
  tile 793/2809  (51.83,7.10)  found 0  new 0  kept 0  total 845
  tile 794/2809  (51.83,7.17)  found 0  new 0  kept 0  total 845
  tile 795/2809  (51.83,7.24)  found 0  new 0  kept 0  total 845
  tile 796/2809  (51.88,3.50)  found 0  new 0  kept 0  total 845
  tile 797/2809  (51.88,3.57)  found 0  new 0  kept 0  total 845
  tile 798/2809  (51.88,3.64)  found 0  new 0  kept 0  total 845
  tile 799/2809  (51.88,3.72)  found 0  new 0  kept 0  total 845
  tile 800/2809  (51.88,3.79)  found 0  new 0  kept 0  total 845
  tile 801/2809  (51.88,3.86)  found 0  new 0  kept 0  total 845
  tile 802/2809  (51.88,3.93)  found 0  new 0  kept 0  total 845
  tile 803/2809  (51.88,4.00)  found 0  new 0  kept 0  total 845
  tile 804/2809  (51.88,4.08)  found 2  new 2  kept 2  total 847
  tile 805/2809  (51.88,4.15)  found 0  new 0  kept 0  total 847
  tile 806/2809  (51.88,4.22)  found 37  new 37  kept 5  total 852
  tile 807/2809  (51.88,4.29)  found 355  new 355  kept 5  total 857
  tile 808/2809  (51.88,4.36)  found 263  new 263  kept 5  total 862
  tile 809/2809  (51.88,4.44)  found 363  new 363  kept 5  total 867
  tile 810/2809  (51.88,4.51)  found 177  new 177  kept 5  total 872
  tile 811/2809  (51.88,4.58)  found 115  new 115  kept 5  total 877
  tile 812/2809  (51.88,4.65)  found 125  new 125  kept 5  total 882
  tile 813/2809  (51.88,4.72)  found 45  new 45  kept 5  total 887
  tile 814/2809  (51.88,4.80)  found 57  new 57  kept 5  total 892
  tile 815/2809  (51.88,4.87)  found 14  new 14  kept 5  total 897
  tile 816/2809  (51.88,4.94)  found 0  new 0  kept 0  total 897
  tile 817/2809  (51.88,5.01)  found 0  new 0  kept 0  total 897
  tile 818/2809  (51.88,5.08)  found 12  new 12  kept 5  total 902
  tile 819/2809  (51.88,5.16)  found 0  new 0  kept 0  total 902
  tile 820/2809  (51.88,5.23)  found 2  new 2  kept 2  total 904
  tile 821/2809  (51.88,5.30)  found 2  new 2  kept 2  total 906
  tile 822/2809  (51.88,5.37)  found 0  new 0  kept 0  total 906
  tile 823/2809  (51.88,5.44)  found 68  new 68  kept 5  total 911
  tile 824/2809  (51.88,5.52)  found 110  new 110  kept 5  total 916
  tile 825/2809  (51.88,5.59)  found 0  new 0  kept 0  total 916
  tile 826/2809  (51.88,5.66)  found 1  new 1  kept 1  total 917
  tile 827/2809  (51.88,5.73)  found 31  new 31  kept 5  total 922
  tile 828/2809  (51.88,5.80)  found 77  new 77  kept 5  total 927
  tile 829/2809  (51.88,5.88)  found 24  new 24  kept 5  total 932
  tile 830/2809  (51.88,5.95)  found 45  new 45  kept 5  total 937
  tile 831/2809  (51.88,6.02)  found 0  new 0  kept 0  total 937
  tile 832/2809  (51.88,6.09)  found 9  new 9  kept 5  total 942
  tile 833/2809  (51.88,6.16)  found 0  new 0  kept 0  total 942
  tile 834/2809  (51.88,6.24)  found 0  new 0  kept 0  total 942
  tile 835/2809  (51.88,6.31)  found 0  new 0  kept 0  total 942
  tile 836/2809  (51.88,6.38)  found 0  new 0  kept 0  total 942
  tile 837/2809  (51.88,6.45)  found 0  new 0  kept 0  total 942
  tile 838/2809  (51.88,6.52)  found 0  new 0  kept 0  total 942
  tile 839/2809  (51.88,6.60)  found 0  new 0  kept 0  total 942
  tile 840/2809  (51.88,6.67)  found 0  new 0  kept 0  total 942
  tile 841/2809  (51.88,6.74)  found 0  new 0  kept 0  total 942
  tile 842/2809  (51.88,6.81)  found 0  new 0  kept 0  total 942
  tile 843/2809  (51.88,6.88)  found 0  new 0  kept 0  total 942
  tile 844/2809  (51.88,6.96)  found 0  new 0  kept 0  total 942
  tile 845/2809  (51.88,7.03)  found 0  new 0  kept 0  total 942
  tile 846/2809  (51.88,7.10)  found 0  new 0  kept 0  total 942
  tile 847/2809  (51.88,7.17)  found 0  new 0  kept 0  total 942
  tile 848/2809  (51.88,7.24)  found 0  new 0  kept 0  total 942
  tile 849/2809  (51.92,3.50)  found 0  new 0  kept 0  total 942
  tile 850/2809  (51.92,3.57)  found 0  new 0  kept 0  total 942
  tile 851/2809  (51.92,3.64)  found 0  new 0  kept 0  total 942
  tile 852/2809  (51.92,3.72)  found 0  new 0  kept 0  total 942
  tile 853/2809  (51.92,3.79)  found 0  new 0  kept 0  total 942
  tile 854/2809  (51.92,3.86)  found 0  new 0  kept 0  total 942
  tile 855/2809  (51.92,3.93)  found 0  new 0  kept 0  total 942
  tile 856/2809  (51.92,4.00)  found 1  new 1  kept 1  total 943
  tile 857/2809  (51.92,4.08)  found 1  new 1  kept 1  total 944
  tile 858/2809  (51.92,4.15)  found 16  new 16  kept 5  total 949
  tile 859/2809  (51.92,4.22)  found 57  new 57  kept 5  total 954
  tile 860/2809  (51.92,4.29)  found 280  new 280  kept 5  total 959
  tile 861/2809  (51.92,4.36)  found 646  new 646  kept 5  total 964
  tile 862/2809  (51.92,4.44)  found 284  new 284  kept 5  total 969
  tile 863/2809  (51.92,4.51)  found 479  new 479  kept 5  total 974
  tile 864/2809  (51.92,4.58)  found 98  new 98  kept 5  total 979
  tile 865/2809  (51.92,4.65)  found 2  new 2  kept 2  total 981
  tile 866/2809  (51.92,4.72)  found 0  new 0  kept 0  total 981
  tile 867/2809  (51.92,4.80)  found 147  new 147  kept 5  total 986
  tile 868/2809  (51.92,4.87)  found 0  new 0  kept 0  total 986
  tile 869/2809  (51.92,4.94)  found 0  new 0  kept 0  total 986
  tile 870/2809  (51.92,5.01)  found 33  new 33  kept 5  total 991
  tile 871/2809  (51.92,5.08)  found 0  new 0  kept 0  total 991
  tile 872/2809  (51.92,5.16)  found 0  new 0  kept 0  total 991
  tile 873/2809  (51.92,5.23)  found 0  new 0  kept 0  total 991
  tile 874/2809  (51.92,5.30)  found 0  new 0  kept 0  total 991
  tile 875/2809  (51.92,5.37)  found 0  new 0  kept 0  total 991
  tile 876/2809  (51.92,5.44)  found 36  new 36  kept 5  total 996
  tile 877/2809  (51.92,5.52)  found 30  new 30  kept 5  total 1001
  tile 878/2809  (51.92,5.59)  found 107  new 107  kept 5  total 1006
  tile 879/2809  (51.92,5.66)  found 44  new 44  kept 5  total 1011
  tile 880/2809  (51.92,5.73)  found 32  new 32  kept 5  total 1016
  tile 881/2809  (51.92,5.80)  found 2  new 2  kept 2  total 1018
  tile 882/2809  (51.92,5.88)  found 3  new 3  kept 3  total 1021
  tile 883/2809  (51.92,5.95)  found 30  new 30  kept 5  total 1026
  tile 884/2809  (51.92,6.02)  found 78  new 78  kept 5  total 1031
  tile 885/2809  (51.92,6.09)  found 19  new 19  kept 5  total 1036
  tile 886/2809  (51.92,6.16)  found 0  new 0  kept 0  total 1036
  tile 887/2809  (51.92,6.24)  found 0  new 0  kept 0  total 1036
  tile 888/2809  (51.92,6.31)  found 0  new 0  kept 0  total 1036
  tile 889/2809  (51.92,6.38)  found 1  new 1  kept 1  total 1037
  tile 890/2809  (51.92,6.45)  found 0  new 0  kept 0  total 1037
  tile 891/2809  (51.92,6.52)  found 5  new 5  kept 5  total 1042
  tile 892/2809  (51.92,6.60)  found 1  new 1  kept 1  total 1043
  tile 893/2809  (51.92,6.67)  found 0  new 0  kept 0  total 1043
  tile 894/2809  (51.92,6.74)  found 0  new 0  kept 0  total 1043
  tile 895/2809  (51.92,6.81)  found 0  new 0  kept 0  total 1043
  tile 896/2809  (51.92,6.88)  found 0  new 0  kept 0  total 1043
  tile 897/2809  (51.92,6.96)  found 0  new 0  kept 0  total 1043
  tile 898/2809  (51.92,7.03)  found 0  new 0  kept 0  total 1043
  tile 899/2809  (51.92,7.10)  found 0  new 0  kept 0  total 1043
  tile 900/2809  (51.92,7.17)  found 0  new 0  kept 0  total 1043
  tile 901/2809  (51.92,7.24)  found 0  new 0  kept 0  total 1043
  tile 902/2809  (51.97,3.50)  found 0  new 0  kept 0  total 1043
  tile 903/2809  (51.97,3.57)  found 0  new 0  kept 0  total 1043
  tile 904/2809  (51.97,3.64)  found 0  new 0  kept 0  total 1043
  tile 905/2809  (51.97,3.72)  found 0  new 0  kept 0  total 1043
  tile 906/2809  (51.97,3.79)  found 0  new 0  kept 0  total 1043
  tile 907/2809  (51.97,3.86)  found 0  new 0  kept 0  total 1043
  tile 908/2809  (51.97,3.93)  found 0  new 0  kept 0  total 1043
  tile 909/2809  (51.97,4.00)  found 85  new 85  kept 5  total 1048
  tile 910/2809  (51.97,4.08)  found 161  new 161  kept 5  total 1053
  tile 911/2809  (51.97,4.15)  found 81  new 81  kept 5  total 1058
  tile 912/2809  (51.97,4.22)  found 29  new 29  kept 5  total 1063
  tile 913/2809  (51.97,4.29)  found 10  new 10  kept 5  total 1068
  tile 914/2809  (51.97,4.36)  found 13  new 13  kept 5  total 1073
  tile 915/2809  (51.97,4.44)  found 148  new 148  kept 5  total 1078
  tile 916/2809  (51.97,4.51)  found 571  new 571  kept 5  total 1083
  tile 917/2809  (51.97,4.58)  found 195  new 195  kept 5  total 1088
  tile 918/2809  (51.97,4.65)  found 31  new 31  kept 5  total 1093
  tile 919/2809  (51.97,4.72)  found 0  new 0  kept 0  total 1093
  tile 920/2809  (51.97,4.80)  found 0  new 0  kept 0  total 1093
  tile 921/2809  (51.97,4.87)  found 1  new 1  kept 1  total 1094
  tile 922/2809  (51.97,4.94)  found 233  new 233  kept 5  total 1099
  tile 923/2809  (51.97,5.01)  found 98  new 98  kept 5  total 1104
  tile 924/2809  (51.97,5.08)  found 45  new 45  kept 5  total 1109
  tile 925/2809  (51.97,5.16)  found 145  new 145  kept 5  total 1114
  tile 926/2809  (51.97,5.23)  found 75  new 75  kept 5  total 1119
  tile 927/2809  (51.97,5.30)  found 73  new 73  kept 5  total 1124
  tile 928/2809  (51.97,5.37)  found 20  new 20  kept 5  total 1129
  tile 929/2809  (51.97,5.44)  found 2  new 2  kept 2  total 1131
  tile 930/2809  (51.97,5.52)  found 28  new 28  kept 5  total 1136
  tile 931/2809  (51.97,5.59)  found 1  new 1  kept 1  total 1137
  tile 932/2809  (51.97,5.66)  found 78  new 78  kept 5  total 1142
  tile 933/2809  (51.97,5.73)  found 0  new 0  kept 0  total 1142
  tile 934/2809  (51.97,5.80)  found 42  new 42  kept 5  total 1147
  tile 935/2809  (51.97,5.88)  found 37  new 37  kept 5  total 1152
  tile 936/2809  (51.97,5.95)  found 85  new 85  kept 5  total 1157
  tile 937/2809  (51.97,6.02)  found 41  new 41  kept 5  total 1162
  tile 938/2809  (51.97,6.09)  found 10  new 10  kept 5  total 1167
  tile 939/2809  (51.97,6.16)  found 0  new 0  kept 0  total 1167
  tile 940/2809  (51.97,6.24)  found 14  new 14  kept 5  total 1172
  tile 941/2809  (51.97,6.31)  found 0  new 0  kept 0  total 1172
  tile 942/2809  (51.97,6.38)  found 0  new 0  kept 0  total 1172
  tile 943/2809  (51.97,6.45)  found 0  new 0  kept 0  total 1172
  tile 944/2809  (51.97,6.52)  found 0  new 0  kept 0  total 1172
  tile 945/2809  (51.97,6.60)  found 0  new 0  kept 0  total 1172
  tile 946/2809  (51.97,6.67)  found 0  new 0  kept 0  total 1172
  tile 947/2809  (51.97,6.74)  found 0  new 0  kept 0  total 1172
  tile 948/2809  (51.97,6.81)  found 0  new 0  kept 0  total 1172
  tile 949/2809  (51.97,6.88)  found 0  new 0  kept 0  total 1172
  tile 950/2809  (51.97,6.96)  found 0  new 0  kept 0  total 1172
  tile 951/2809  (51.97,7.03)  found 0  new 0  kept 0  total 1172
  tile 952/2809  (51.97,7.10)  found 0  new 0  kept 0  total 1172
  tile 953/2809  (51.97,7.17)  found 0  new 0  kept 0  total 1172
  tile 954/2809  (51.97,7.24)  found 0  new 0  kept 0  total 1172
  tile 955/2809  (52.01,3.50)  found 0  new 0  kept 0  total 1172
  tile 956/2809  (52.01,3.57)  found 0  new 0  kept 0  total 1172
  tile 957/2809  (52.01,3.64)  found 0  new 0  kept 0  total 1172
  tile 958/2809  (52.01,3.72)  found 0  new 0  kept 0  total 1172
  tile 959/2809  (52.01,3.79)  found 0  new 0  kept 0  total 1172
  tile 960/2809  (52.01,3.86)  found 1  new 1  kept 1  total 1173
  tile 961/2809  (52.01,3.93)  found 0  new 0  kept 0  total 1173
  tile 962/2809  (52.01,4.00)  found 0  new 0  kept 0  total 1173
  tile 963/2809  (52.01,4.08)  found 0  new 0  kept 0  total 1173
  tile 964/2809  (52.01,4.15)  found 4  new 4  kept 4  total 1177
  tile 965/2809  (52.01,4.22)  found 17  new 17  kept 5  total 1182
  tile 966/2809  (52.01,4.29)  found 38  new 38  kept 5  total 1187
  tile 967/2809  (52.01,4.36)  found 136  new 136  kept 5  total 1192
  tile 968/2809  (52.01,4.44)  found 117  new 117  kept 5  total 1197
  tile 969/2809  (52.01,4.51)  found 26  new 26  kept 5  total 1202
  tile 970/2809  (52.01,4.58)  found 14  new 14  kept 5  total 1207
  tile 971/2809  (52.01,4.65)  found 124  new 124  kept 5  total 1212
  tile 972/2809  (52.01,4.72)  found 161  new 161  kept 5  total 1217
  tile 973/2809  (52.01,4.80)  found 27  new 27  kept 5  total 1222
  tile 974/2809  (52.01,4.87)  found 6  new 6  kept 5  total 1227
  tile 975/2809  (52.01,4.94)  found 4  new 4  kept 4  total 1231
  tile 976/2809  (52.01,5.01)  found 13  new 13  kept 5  total 1236
  tile 977/2809  (52.01,5.08)  found 129  new 129  kept 5  total 1241
  tile 978/2809  (52.01,5.16)  found 7  new 7  kept 5  total 1246
  tile 979/2809  (52.01,5.23)  found 0  new 0  kept 0  total 1246
  tile 980/2809  (52.01,5.30)  found 0  new 0  kept 0  total 1246
  tile 981/2809  (52.01,5.37)  found 0  new 0  kept 0  total 1246
  tile 982/2809  (52.01,5.44)  found 0  new 0  kept 0  total 1246
  tile 983/2809  (52.01,5.52)  found 0  new 0  kept 0  total 1246
  tile 984/2809  (52.01,5.59)  found 11  new 11  kept 5  total 1251
  tile 985/2809  (52.01,5.66)  found 48  new 48  kept 5  total 1256
  tile 986/2809  (52.01,5.73)  found 0  new 0  kept 0  total 1256
  tile 987/2809  (52.01,5.80)  found 20  new 20  kept 5  total 1261
  tile 988/2809  (52.01,5.88)  found 0  new 0  kept 0  total 1261
  tile 989/2809  (52.01,5.95)  found 10  new 10  kept 5  total 1266
  tile 990/2809  (52.01,6.02)  found 2  new 2  kept 2  total 1268
  tile 991/2809  (52.01,6.09)  found 0  new 0  kept 0  total 1268
  tile 992/2809  (52.01,6.16)  found 24  new 24  kept 5  total 1273
  tile 993/2809  (52.01,6.24)  found 0  new 0  kept 0  total 1273
  tile 994/2809  (52.01,6.31)  found 0  new 0  kept 0  total 1273
  tile 995/2809  (52.01,6.38)  found 0  new 0  kept 0  total 1273
  tile 996/2809  (52.01,6.45)  found 0  new 0  kept 0  total 1273
  tile 997/2809  (52.01,6.52)  found 0  new 0  kept 0  total 1273
  tile 998/2809  (52.01,6.60)  found 6  new 6  kept 5  total 1278
  tile 999/2809  (52.01,6.67)  found 0  new 0  kept 0  total 1278
  tile 1000/2809  (52.01,6.74)  found 0  new 0  kept 0  total 1278
  tile 1001/2809  (52.01,6.81)  found 0  new 0  kept 0  total 1278
  tile 1002/2809  (52.01,6.88)  found 0  new 0  kept 0  total 1278
  tile 1003/2809  (52.01,6.96)  found 0  new 0  kept 0  total 1278
  tile 1004/2809  (52.01,7.03)  found 0  new 0  kept 0  total 1278
  tile 1005/2809  (52.01,7.10)  found 0  new 0  kept 0  total 1278
  tile 1006/2809  (52.01,7.17)  found 0  new 0  kept 0  total 1278
  tile 1007/2809  (52.01,7.24)  found 0  new 0  kept 0  total 1278
  tile 1008/2809  (52.05,3.50)  found 0  new 0  kept 0  total 1278
  tile 1009/2809  (52.05,3.57)  found 0  new 0  kept 0  total 1278
  tile 1010/2809  (52.05,3.64)  found 0  new 0  kept 0  total 1278
  tile 1011/2809  (52.05,3.72)  found 0  new 0  kept 0  total 1278
  tile 1012/2809  (52.05,3.79)  found 0  new 0  kept 0  total 1278
  tile 1013/2809  (52.05,3.86)  found 0  new 0  kept 0  total 1278
  tile 1014/2809  (52.05,3.93)  found 0  new 0  kept 0  total 1278
  tile 1015/2809  (52.05,4.00)  found 0  new 0  kept 0  total 1278
  tile 1016/2809  (52.05,4.08)  found 0  new 0  kept 0  total 1278
  tile 1017/2809  (52.05,4.15)  found 0  new 0  kept 0  total 1278
  tile 1018/2809  (52.05,4.22)  found 7  new 7  kept 5  total 1283
  tile 1019/2809  (52.05,4.29)  found 11  new 11  kept 5  total 1288
  tile 1020/2809  (52.05,4.36)  found 148  new 148  kept 5  total 1293
  tile 1021/2809  (52.05,4.44)  found 19  new 19  kept 5  total 1298
  tile 1022/2809  (52.05,4.51)  found 74  new 74  kept 5  total 1303
  tile 1023/2809  (52.05,4.58)  found 6  new 6  kept 5  total 1308
  tile 1024/2809  (52.05,4.65)  found 34  new 34  kept 5  total 1313
  tile 1025/2809  (52.05,4.72)  found 14  new 14  kept 5  total 1318
  tile 1026/2809  (52.05,4.80)  found 21  new 21  kept 5  total 1323
  tile 1027/2809  (52.05,4.87)  found 0  new 0  kept 0  total 1323
  tile 1028/2809  (52.05,4.94)  found 19  new 19  kept 5  total 1328
  tile 1029/2809  (52.05,5.01)  found 51  new 51  kept 5  total 1333
  tile 1030/2809  (52.05,5.08)  found 45  new 45  kept 5  total 1338
  tile 1031/2809  (52.05,5.16)  found 81  new 81  kept 5  total 1343
  tile 1032/2809  (52.05,5.23)  found 73  new 73  kept 5  total 1348
  tile 1033/2809  (52.05,5.30)  found 0  new 0  kept 0  total 1348
  tile 1034/2809  (52.05,5.37)  found 0  new 0  kept 0  total 1348
  tile 1035/2809  (52.05,5.44)  found 0  new 0  kept 0  total 1348
  tile 1036/2809  (52.05,5.52)  found 0  new 0  kept 0  total 1348
  tile 1037/2809  (52.05,5.59)  found 0  new 0  kept 0  total 1348
  tile 1038/2809  (52.05,5.66)  found 0  new 0  kept 0  total 1348
  tile 1039/2809  (52.05,5.73)  found 0  new 0  kept 0  total 1348
  tile 1040/2809  (52.05,5.80)  found 0  new 0  kept 0  total 1348
  tile 1041/2809  (52.05,5.88)  found 0  new 0  kept 0  total 1348
  tile 1042/2809  (52.05,5.95)  found 0  new 0  kept 0  total 1348
  tile 1043/2809  (52.05,6.02)  found 0  new 0  kept 0  total 1348
  tile 1044/2809  (52.05,6.09)  found 1  new 1  kept 1  total 1349
  tile 1045/2809  (52.05,6.16)  found 0  new 0  kept 0  total 1349
  tile 1046/2809  (52.05,6.24)  found 0  new 0  kept 0  total 1349
  tile 1047/2809  (52.05,6.31)  found 0  new 0  kept 0  total 1349
  tile 1048/2809  (52.05,6.38)  found 0  new 0  kept 0  total 1349
  tile 1049/2809  (52.05,6.45)  found 0  new 0  kept 0  total 1349
  tile 1050/2809  (52.05,6.52)  found 0  new 0  kept 0  total 1349
  tile 1051/2809  (52.05,6.60)  found 0  new 0  kept 0  total 1349
  tile 1052/2809  (52.05,6.67)  found 1  new 1  kept 1  total 1350
  tile 1053/2809  (52.05,6.74)  found 0  new 0  kept 0  total 1350
  tile 1054/2809  (52.05,6.81)  found 0  new 0  kept 0  total 1350
  tile 1055/2809  (52.05,6.88)  found 0  new 0  kept 0  total 1350
  tile 1056/2809  (52.05,6.96)  found 0  new 0  kept 0  total 1350
  tile 1057/2809  (52.05,7.03)  found 0  new 0  kept 0  total 1350
  tile 1058/2809  (52.05,7.10)  found 0  new 0  kept 0  total 1350
  tile 1059/2809  (52.05,7.17)  found 0  new 0  kept 0  total 1350
  tile 1060/2809  (52.05,7.24)  found 0  new 0  kept 0  total 1350
  tile 1061/2809  (52.10,3.50)  found 0  new 0  kept 0  total 1350
  tile 1062/2809  (52.10,3.57)  found 0  new 0  kept 0  total 1350
  tile 1063/2809  (52.10,3.64)  found 0  new 0  kept 0  total 1350
  tile 1064/2809  (52.10,3.72)  found 0  new 0  kept 0  total 1350
  tile 1065/2809  (52.10,3.79)  found 0  new 0  kept 0  total 1350
  tile 1066/2809  (52.10,3.86)  found 0  new 0  kept 0  total 1350
  tile 1067/2809  (52.10,3.93)  found 0  new 0  kept 0  total 1350
  tile 1068/2809  (52.10,4.00)  found 0  new 0  kept 0  total 1350
  tile 1069/2809  (52.10,4.08)  found 0  new 0  kept 0  total 1350
  tile 1070/2809  (52.10,4.15)  found 0  new 0  kept 0  total 1350
  tile 1071/2809  (52.10,4.22)  found 0  new 0  kept 0  total 1350
  tile 1072/2809  (52.10,4.29)  found 21  new 21  kept 5  total 1355
  tile 1073/2809  (52.10,4.36)  found 51  new 51  kept 5  total 1360
  tile 1074/2809  (52.10,4.44)  found 70  new 70  kept 5  total 1365
  tile 1075/2809  (52.10,4.51)  found 16  new 16  kept 5  total 1370
  tile 1076/2809  (52.10,4.58)  found 30  new 30  kept 5  total 1375
  tile 1077/2809  (52.10,4.65)  found 3  new 3  kept 3  total 1378
  tile 1078/2809  (52.10,4.72)  found 49  new 49  kept 5  total 1383
  tile 1079/2809  (52.10,4.80)  found 0  new 0  kept 0  total 1383
  tile 1080/2809  (52.10,4.87)  found 9  new 9  kept 5  total 1388
  tile 1081/2809  (52.10,4.94)  found 5  new 5  kept 5  total 1393
  tile 1082/2809  (52.10,5.01)  found 45  new 45  kept 5  total 1398
  tile 1083/2809  (52.10,5.08)  found 86  new 86  kept 5  total 1403
  tile 1084/2809  (52.10,5.16)  found 60  new 60  kept 5  total 1408
  tile 1085/2809  (52.10,5.23)  found 11  new 11  kept 5  total 1413
  tile 1086/2809  (52.10,5.30)  found 0  new 0  kept 0  total 1413
  tile 1087/2809  (52.10,5.37)  found 0  new 0  kept 0  total 1413
  tile 1088/2809  (52.10,5.44)  found 0  new 0  kept 0  total 1413
  tile 1089/2809  (52.10,5.52)  found 0  new 0  kept 0  total 1413
  tile 1090/2809  (52.10,5.59)  found 0  new 0  kept 0  total 1413
  tile 1091/2809  (52.10,5.66)  found 0  new 0  kept 0  total 1413
  tile 1092/2809  (52.10,5.73)  found 0  new 0  kept 0  total 1413
  tile 1093/2809  (52.10,5.80)  found 0  new 0  kept 0  total 1413
  tile 1094/2809  (52.10,5.88)  found 0  new 0  kept 0  total 1413
  tile 1095/2809  (52.10,5.95)  found 2  new 2  kept 2  total 1415
  tile 1096/2809  (52.10,6.02)  found 0  new 0  kept 0  total 1415
  tile 1097/2809  (52.10,6.09)  found 3  new 3  kept 3  total 1418
  tile 1098/2809  (52.10,6.16)  found 14  new 14  kept 5  total 1423
  tile 1099/2809  (52.10,6.24)  found 27  new 27  kept 5  total 1428
  tile 1100/2809  (52.10,6.31)  found 1  new 1  kept 1  total 1429
  tile 1101/2809  (52.10,6.38)  found 0  new 0  kept 0  total 1429
  tile 1102/2809  (52.10,6.45)  found 0  new 0  kept 0  total 1429
  tile 1103/2809  (52.10,6.52)  found 0  new 0  kept 0  total 1429
  tile 1104/2809  (52.10,6.60)  found 0  new 0  kept 0  total 1429
  tile 1105/2809  (52.10,6.67)  found 0  new 0  kept 0  total 1429
  tile 1106/2809  (52.10,6.74)  found 0  new 0  kept 0  total 1429
  tile 1107/2809  (52.10,6.81)  found 0  new 0  kept 0  total 1429
  tile 1108/2809  (52.10,6.88)  found 0  new 0  kept 0  total 1429
  tile 1109/2809  (52.10,6.96)  found 0  new 0  kept 0  total 1429
  tile 1110/2809  (52.10,7.03)  found 0  new 0  kept 0  total 1429
  tile 1111/2809  (52.10,7.10)  found 0  new 0  kept 0  total 1429
  tile 1112/2809  (52.10,7.17)  found 0  new 0  kept 0  total 1429
  tile 1113/2809  (52.10,7.24)  found 0  new 0  kept 0  total 1429
  tile 1114/2809  (52.15,3.50)  found 0  new 0  kept 0  total 1429
  tile 1115/2809  (52.15,3.57)  found 0  new 0  kept 0  total 1429
  tile 1116/2809  (52.15,3.64)  found 0  new 0  kept 0  total 1429
  tile 1117/2809  (52.15,3.72)  found 0  new 0  kept 0  total 1429
  tile 1118/2809  (52.15,3.79)  found 0  new 0  kept 0  total 1429
  tile 1119/2809  (52.15,3.86)  found 0  new 0  kept 0  total 1429
  tile 1120/2809  (52.15,3.93)  found 0  new 0  kept 0  total 1429
  tile 1121/2809  (52.15,4.00)  found 0  new 0  kept 0  total 1429
  tile 1122/2809  (52.15,4.08)  found 0  new 0  kept 0  total 1429
  tile 1123/2809  (52.15,4.15)  found 0  new 0  kept 0  total 1429
  tile 1124/2809  (52.15,4.22)  found 0  new 0  kept 0  total 1429
  tile 1125/2809  (52.15,4.29)  found 0  new 0  kept 0  total 1429
  tile 1126/2809  (52.15,4.36)  found 0  new 0  kept 0  total 1429
  tile 1127/2809  (52.15,4.44)  found 445  new 445  kept 5  total 1434
  tile 1128/2809  (52.15,4.51)  found 239  new 239  kept 5  total 1439
  tile 1129/2809  (52.15,4.58)  found 5  new 5  kept 5  total 1444
  tile 1130/2809  (52.15,4.65)  found 13  new 13  kept 5  total 1449
  tile 1131/2809  (52.15,4.72)  found 12  new 12  kept 5  total 1454
  tile 1132/2809  (52.15,4.80)  found 0  new 0  kept 0  total 1454
  tile 1133/2809  (52.15,4.87)  found 13  new 13  kept 5  total 1459
  tile 1134/2809  (52.15,4.94)  found 21  new 21  kept 5  total 1464
  tile 1135/2809  (52.15,5.01)  found 36  new 36  kept 5  total 1469
  tile 1136/2809  (52.15,5.08)  found 0  new 0  kept 0  total 1469
  tile 1137/2809  (52.15,5.16)  found 51  new 51  kept 5  total 1474
  tile 1138/2809  (52.15,5.23)  found 1  new 1  kept 1  total 1475
  tile 1139/2809  (52.15,5.30)  found 0  new 0  kept 0  total 1475
  tile 1140/2809  (52.15,5.37)  found 27  new 27  kept 5  total 1480
  tile 1141/2809  (52.15,5.44)  found 4  new 4  kept 4  total 1484
  tile 1142/2809  (52.15,5.52)  found 0  new 0  kept 0  total 1484
  tile 1143/2809  (52.15,5.59)  found 8  new 8  kept 5  total 1489
  tile 1144/2809  (52.15,5.66)  found 0  new 0  kept 0  total 1489
  tile 1145/2809  (52.15,5.73)  found 0  new 0  kept 0  total 1489
  tile 1146/2809  (52.15,5.80)  found 0  new 0  kept 0  total 1489
  tile 1147/2809  (52.15,5.88)  found 4  new 4  kept 4  total 1493
  tile 1148/2809  (52.15,5.95)  found 0  new 0  kept 0  total 1493
  tile 1149/2809  (52.15,6.02)  found 0  new 0  kept 0  total 1493
  tile 1150/2809  (52.15,6.09)  found 3  new 3  kept 3  total 1496
  tile 1151/2809  (52.15,6.16)  found 5  new 5  kept 5  total 1501
  tile 1152/2809  (52.15,6.24)  found 2  new 2  kept 2  total 1503
  tile 1153/2809  (52.15,6.31)  found 2  new 2  kept 2  total 1505
  tile 1154/2809  (52.15,6.38)  found 0  new 0  kept 0  total 1505
  tile 1155/2809  (52.15,6.45)  found 3  new 3  kept 3  total 1508
  tile 1156/2809  (52.15,6.52)  found 2  new 2  kept 2  total 1510
  tile 1157/2809  (52.15,6.60)  found 48  new 48  kept 5  total 1515
  tile 1158/2809  (52.15,6.67)  found 13  new 13  kept 5  total 1520
  tile 1159/2809  (52.15,6.74)  found 2  new 2  kept 2  total 1522
  tile 1160/2809  (52.15,6.81)  found 0  new 0  kept 0  total 1522
  tile 1161/2809  (52.15,6.88)  found 0  new 0  kept 0  total 1522
  tile 1162/2809  (52.15,6.96)  found 0  new 0  kept 0  total 1522
  tile 1163/2809  (52.15,7.03)  found 0  new 0  kept 0  total 1522
  tile 1164/2809  (52.15,7.10)  found 0  new 0  kept 0  total 1522
  tile 1165/2809  (52.15,7.17)  found 0  new 0  kept 0  total 1522
  tile 1166/2809  (52.15,7.24)  found 0  new 0  kept 0  total 1522
  tile 1167/2809  (52.19,3.50)  found 0  new 0  kept 0  total 1522
  tile 1168/2809  (52.19,3.57)  found 0  new 0  kept 0  total 1522
  tile 1169/2809  (52.19,3.64)  found 0  new 0  kept 0  total 1522
  tile 1170/2809  (52.19,3.72)  found 0  new 0  kept 0  total 1522
  tile 1171/2809  (52.19,3.79)  found 0  new 0  kept 0  total 1522
  tile 1172/2809  (52.19,3.86)  found 0  new 0  kept 0  total 1522
  tile 1173/2809  (52.19,3.93)  found 0  new 0  kept 0  total 1522
  tile 1174/2809  (52.19,4.00)  found 0  new 0  kept 0  total 1522
  tile 1175/2809  (52.19,4.08)  found 0  new 0  kept 0  total 1522
  tile 1176/2809  (52.19,4.15)  found 0  new 0  kept 0  total 1522
  tile 1177/2809  (52.19,4.22)  found 0  new 0  kept 0  total 1522
  tile 1178/2809  (52.19,4.29)  found 0  new 0  kept 0  total 1522
  tile 1179/2809  (52.19,4.36)  found 0  new 0  kept 0  total 1522
  tile 1180/2809  (52.19,4.44)  found 39  new 39  kept 5  total 1527
  tile 1181/2809  (52.19,4.51)  found 11  new 11  kept 5  total 1532
  tile 1182/2809  (52.19,4.58)  found 24  new 24  kept 5  total 1537
  tile 1183/2809  (52.19,4.65)  found 13  new 13  kept 5  total 1542
  tile 1184/2809  (52.19,4.72)  found 54  new 54  kept 5  total 1547
  tile 1185/2809  (52.19,4.80)  found 0  new 0  kept 0  total 1547
  tile 1186/2809  (52.19,4.87)  found 0  new 0  kept 0  total 1547
  tile 1187/2809  (52.19,4.94)  found 7  new 7  kept 5  total 1552
  tile 1188/2809  (52.19,5.01)  found 16  new 16  kept 5  total 1557
  tile 1189/2809  (52.19,5.08)  found 4  new 4  kept 4  total 1561
  tile 1190/2809  (52.19,5.16)  found 0  new 0  kept 0  total 1561
  tile 1191/2809  (52.19,5.23)  found 0  new 0  kept 0  total 1561
  tile 1192/2809  (52.19,5.30)  found 18  new 18  kept 5  total 1566
  tile 1193/2809  (52.19,5.37)  found 0  new 0  kept 0  total 1566
  tile 1194/2809  (52.19,5.44)  found 98  new 98  kept 5  total 1571
  tile 1195/2809  (52.19,5.52)  found 0  new 0  kept 0  total 1571
  tile 1196/2809  (52.19,5.59)  found 0  new 0  kept 0  total 1571
  tile 1197/2809  (52.19,5.66)  found 0  new 0  kept 0  total 1571
  tile 1198/2809  (52.19,5.73)  found 0  new 0  kept 0  total 1571
  tile 1199/2809  (52.19,5.80)  found 8  new 8  kept 5  total 1576
  tile 1200/2809  (52.19,5.88)  found 9  new 9  kept 5  total 1581
  tile 1201/2809  (52.19,5.95)  found 1  new 1  kept 1  total 1582
  tile 1202/2809  (52.19,6.02)  found 99  new 99  kept 5  total 1587
  tile 1203/2809  (52.19,6.09)  found 0  new 0  kept 0  total 1587
  tile 1204/2809  (52.19,6.16)  found 0  new 0  kept 0  total 1587
  tile 1205/2809  (52.19,6.24)  found 0  new 0  kept 0  total 1587
  tile 1206/2809  (52.19,6.31)  found 0  new 0  kept 0  total 1587
  tile 1207/2809  (52.19,6.38)  found 0  new 0  kept 0  total 1587
  tile 1208/2809  (52.19,6.45)  found 0  new 0  kept 0  total 1587
  tile 1209/2809  (52.19,6.52)  found 0  new 0  kept 0  total 1587
  tile 1210/2809  (52.19,6.60)  found 0  new 0  kept 0  total 1587
  tile 1211/2809  (52.19,6.67)  found 4  new 4  kept 4  total 1591
  tile 1212/2809  (52.19,6.74)  found 9  new 9  kept 5  total 1596
  tile 1213/2809  (52.19,6.81)  found 20  new 20  kept 5  total 1601
  tile 1214/2809  (52.19,6.88)  found 4  new 4  kept 4  total 1605
  tile 1215/2809  (52.19,6.96)  found 0  new 0  kept 0  total 1605
  tile 1216/2809  (52.19,7.03)  found 0  new 0  kept 0  total 1605
  tile 1217/2809  (52.19,7.10)  found 0  new 0  kept 0  total 1605
  tile 1218/2809  (52.19,7.17)  found 0  new 0  kept 0  total 1605
  tile 1219/2809  (52.19,7.24)  found 0  new 0  kept 0  total 1605
  tile 1220/2809  (52.23,3.50)  found 0  new 0  kept 0  total 1605
  tile 1221/2809  (52.23,3.57)  found 0  new 0  kept 0  total 1605
  tile 1222/2809  (52.23,3.64)  found 0  new 0  kept 0  total 1605
  tile 1223/2809  (52.23,3.72)  found 0  new 0  kept 0  total 1605
  tile 1224/2809  (52.23,3.79)  found 0  new 0  kept 0  total 1605
  tile 1225/2809  (52.23,3.86)  found 0  new 0  kept 0  total 1605
  tile 1226/2809  (52.23,3.93)  found 0  new 0  kept 0  total 1605
  tile 1227/2809  (52.23,4.00)  found 0  new 0  kept 0  total 1605
  tile 1228/2809  (52.23,4.08)  found 0  new 0  kept 0  total 1605
  tile 1229/2809  (52.23,4.15)  found 0  new 0  kept 0  total 1605
  tile 1230/2809  (52.23,4.22)  found 0  new 0  kept 0  total 1605
  tile 1231/2809  (52.23,4.29)  found 0  new 0  kept 0  total 1605
  tile 1232/2809  (52.23,4.36)  found 0  new 0  kept 0  total 1605
  tile 1233/2809  (52.23,4.44)  found 3  new 3  kept 3  total 1608
  tile 1234/2809  (52.23,4.51)  found 13  new 13  kept 5  total 1613
  tile 1235/2809  (52.23,4.58)  found 60  new 60  kept 5  total 1618
  tile 1236/2809  (52.23,4.65)  found 54  new 54  kept 5  total 1623
  tile 1237/2809  (52.23,4.72)  found 7  new 7  kept 5  total 1628
  tile 1238/2809  (52.23,4.80)  found 51  new 51  kept 5  total 1633
  tile 1239/2809  (52.23,4.87)  found 0  new 0  kept 0  total 1633
  tile 1240/2809  (52.23,4.94)  found 2  new 2  kept 2  total 1635
  tile 1241/2809  (52.23,5.01)  found 32  new 32  kept 5  total 1640
  tile 1242/2809  (52.23,5.08)  found 0  new 0  kept 0  total 1640
  tile 1243/2809  (52.23,5.16)  found 4  new 4  kept 4  total 1644
  tile 1244/2809  (52.23,5.23)  found 10  new 10  kept 5  total 1649
  tile 1245/2809  (52.23,5.30)  found 17  new 17  kept 5  total 1654
  tile 1246/2809  (52.23,5.37)  found 43  new 43  kept 5  total 1659
  tile 1247/2809  (52.23,5.44)  found 0  new 0  kept 0  total 1659
  tile 1248/2809  (52.23,5.52)  found 0  new 0  kept 0  total 1659
  tile 1249/2809  (52.23,5.59)  found 0  new 0  kept 0  total 1659
  tile 1250/2809  (52.23,5.66)  found 2  new 2  kept 2  total 1661
  tile 1251/2809  (52.23,5.73)  found 0  new 0  kept 0  total 1661
  tile 1252/2809  (52.23,5.80)  found 0  new 0  kept 0  total 1661
  tile 1253/2809  (52.23,5.88)  found 0  new 0  kept 0  total 1661
  tile 1254/2809  (52.23,5.95)  found 0  new 0  kept 0  total 1661
  tile 1255/2809  (52.23,6.02)  found 14  new 14  kept 5  total 1666
  tile 1256/2809  (52.23,6.09)  found 2  new 2  kept 2  total 1668
  tile 1257/2809  (52.23,6.16)  found 16  new 16  kept 5  total 1673
  tile 1258/2809  (52.23,6.24)  found 19  new 19  kept 5  total 1678
  tile 1259/2809  (52.23,6.31)  found 0  new 0  kept 0  total 1678
  tile 1260/2809  (52.23,6.38)  found 7  new 7  kept 5  total 1683
  tile 1261/2809  (52.23,6.45)  found 0  new 0  kept 0  total 1683
  tile 1262/2809  (52.23,6.52)  found 0  new 0  kept 0  total 1683
  tile 1263/2809  (52.23,6.60)  found 0  new 0  kept 0  total 1683
  tile 1264/2809  (52.23,6.67)  found 3  new 3  kept 3  total 1686
  tile 1265/2809  (52.23,6.74)  found 0  new 0  kept 0  total 1686
  tile 1266/2809  (52.23,6.81)  found 3  new 3  kept 3  total 1689
  tile 1267/2809  (52.23,6.88)  found 7  new 7  kept 5  total 1694
  tile 1268/2809  (52.23,6.96)  found 0  new 0  kept 0  total 1694
  tile 1269/2809  (52.23,7.03)  found 0  new 0  kept 0  total 1694
  tile 1270/2809  (52.23,7.10)  found 0  new 0  kept 0  total 1694
  tile 1271/2809  (52.23,7.17)  found 0  new 0  kept 0  total 1694
  tile 1272/2809  (52.23,7.24)  found 0  new 0  kept 0  total 1694
  tile 1273/2809  (52.28,3.50)  found 0  new 0  kept 0  total 1694
  tile 1274/2809  (52.28,3.57)  found 0  new 0  kept 0  total 1694
  tile 1275/2809  (52.28,3.64)  found 0  new 0  kept 0  total 1694
  tile 1276/2809  (52.28,3.72)  found 0  new 0  kept 0  total 1694
  tile 1277/2809  (52.28,3.79)  found 0  new 0  kept 0  total 1694
  tile 1278/2809  (52.28,3.86)  found 0  new 0  kept 0  total 1694
  tile 1279/2809  (52.28,3.93)  found 0  new 0  kept 0  total 1694
  tile 1280/2809  (52.28,4.00)  found 0  new 0  kept 0  total 1694
  tile 1281/2809  (52.28,4.08)  found 0  new 0  kept 0  total 1694
  tile 1282/2809  (52.28,4.15)  found 0  new 0  kept 0  total 1694
  tile 1283/2809  (52.28,4.22)  found 0  new 0  kept 0  total 1694
  tile 1284/2809  (52.28,4.29)  found 0  new 0  kept 0  total 1694
  tile 1285/2809  (52.28,4.36)  found 0  new 0  kept 0  total 1694
  tile 1286/2809  (52.28,4.44)  found 0  new 0  kept 0  total 1694
  tile 1287/2809  (52.28,4.51)  found 0  new 0  kept 0  total 1694
  tile 1288/2809  (52.28,4.58)  found 11  new 11  kept 5  total 1699
  tile 1289/2809  (52.28,4.65)  found 18  new 18  kept 5  total 1704
  tile 1290/2809  (52.28,4.72)  found 180  new 180  kept 5  total 1709
  tile 1291/2809  (52.28,4.80)  found 15  new 15  kept 5  total 1714
  tile 1292/2809  (52.28,4.87)  found 92  new 92  kept 5  total 1719
  tile 1293/2809  (52.28,4.94)  found 327  new 327  kept 5  total 1724
  tile 1294/2809  (52.28,5.01)  found 54  new 54  kept 5  total 1729
  tile 1295/2809  (52.28,5.08)  found 5  new 5  kept 5  total 1734
  tile 1296/2809  (52.28,5.16)  found 7  new 7  kept 5  total 1739
  tile 1297/2809  (52.28,5.23)  found 0  new 0  kept 0  total 1739
  tile 1298/2809  (52.28,5.30)  found 7  new 7  kept 5  total 1744
  tile 1299/2809  (52.28,5.37)  found 6  new 6  kept 5  total 1749
  tile 1300/2809  (52.28,5.44)  found 0  new 0  kept 0  total 1749
  tile 1301/2809  (52.28,5.52)  found 0  new 0  kept 0  total 1749
  tile 1302/2809  (52.28,5.59)  found 0  new 0  kept 0  total 1749
  tile 1303/2809  (52.28,5.66)  found 0  new 0  kept 0  total 1749
  tile 1304/2809  (52.28,5.73)  found 0  new 0  kept 0  total 1749
  tile 1305/2809  (52.28,5.80)  found 0  new 0  kept 0  total 1749
  tile 1306/2809  (52.28,5.88)  found 2  new 2  kept 2  total 1751
  tile 1307/2809  (52.28,5.95)  found 3  new 3  kept 3  total 1754
  tile 1308/2809  (52.28,6.02)  found 2  new 2  kept 2  total 1756
  tile 1309/2809  (52.28,6.09)  found 3  new 3  kept 3  total 1759
  tile 1310/2809  (52.28,6.16)  found 0  new 0  kept 0  total 1759
  tile 1311/2809  (52.28,6.24)  found 0  new 0  kept 0  total 1759
  tile 1312/2809  (52.28,6.31)  found 0  new 0  kept 0  total 1759
  tile 1313/2809  (52.28,6.38)  found 0  new 0  kept 0  total 1759
  tile 1314/2809  (52.28,6.45)  found 0  new 0  kept 0  total 1759
  tile 1315/2809  (52.28,6.52)  found 2  new 2  kept 2  total 1761
  tile 1316/2809  (52.28,6.60)  found 0  new 0  kept 0  total 1761
  tile 1317/2809  (52.28,6.67)  found 0  new 0  kept 0  total 1761
  tile 1318/2809  (52.28,6.74)  found 0  new 0  kept 0  total 1761
  tile 1319/2809  (52.28,6.81)  found 0  new 0  kept 0  total 1761
  tile 1320/2809  (52.28,6.88)  found 0  new 0  kept 0  total 1761
  tile 1321/2809  (52.28,6.96)  found 0  new 0  kept 0  total 1761
  tile 1322/2809  (52.28,7.03)  found 0  new 0  kept 0  total 1761
  tile 1323/2809  (52.28,7.10)  found 0  new 0  kept 0  total 1761
  tile 1324/2809  (52.28,7.17)  found 0  new 0  kept 0  total 1761
  tile 1325/2809  (52.28,7.24)  found 0  new 0  kept 0  total 1761
  tile 1326/2809  (52.33,3.50)  found 0  new 0  kept 0  total 1761
  tile 1327/2809  (52.33,3.57)  found 0  new 0  kept 0  total 1761
  tile 1328/2809  (52.33,3.64)  found 0  new 0  kept 0  total 1761
  tile 1329/2809  (52.33,3.72)  found 0  new 0  kept 0  total 1761
  tile 1330/2809  (52.33,3.79)  found 0  new 0  kept 0  total 1761
  tile 1331/2809  (52.33,3.86)  found 0  new 0  kept 0  total 1761
  tile 1332/2809  (52.33,3.93)  found 0  new 0  kept 0  total 1761
  tile 1333/2809  (52.33,4.00)  found 0  new 0  kept 0  total 1761
  tile 1334/2809  (52.33,4.08)  found 0  new 0  kept 0  total 1761
  tile 1335/2809  (52.33,4.15)  found 0  new 0  kept 0  total 1761
  tile 1336/2809  (52.33,4.22)  found 0  new 0  kept 0  total 1761
  tile 1337/2809  (52.33,4.29)  found 0  new 0  kept 0  total 1761
  tile 1338/2809  (52.33,4.36)  found 0  new 0  kept 0  total 1761
  tile 1339/2809  (52.33,4.44)  found 0  new 0  kept 0  total 1761
  tile 1340/2809  (52.33,4.51)  found 0  new 0  kept 0  total 1761
  tile 1341/2809  (52.33,4.58)  found 0  new 0  kept 0  total 1761
  tile 1342/2809  (52.33,4.65)  found 8  new 8  kept 5  total 1766
  tile 1343/2809  (52.33,4.72)  found 70  new 70  kept 5  total 1771
  tile 1344/2809  (52.33,4.80)  found 402  new 402  kept 5  total 1776
  tile 1345/2809  (52.33,4.87)  found 253  new 253  kept 5  total 1781
  tile 1346/2809  (52.33,4.94)  found 232  new 232  kept 5  total 1786
  tile 1347/2809  (52.33,5.01)  found 336  new 336  kept 5  total 1791
  tile 1348/2809  (52.33,5.08)  found 123  new 123  kept 5  total 1796
  tile 1349/2809  (52.33,5.16)  found 57  new 57  kept 5  total 1801
  tile 1350/2809  (52.33,5.23)  found 6  new 6  kept 5  total 1806
  tile 1351/2809  (52.33,5.30)  found 363  new 363  kept 5  total 1811
  tile 1352/2809  (52.33,5.37)  found 0  new 0  kept 0  total 1811
  tile 1353/2809  (52.33,5.44)  found 7  new 7  kept 5  total 1816
  tile 1354/2809  (52.33,5.52)  found 1  new 1  kept 1  total 1817
  tile 1355/2809  (52.33,5.59)  found 0  new 0  kept 0  total 1817
  tile 1356/2809  (52.33,5.66)  found 2  new 2  kept 2  total 1819
  tile 1357/2809  (52.33,5.73)  found 5  new 5  kept 5  total 1824
  tile 1358/2809  (52.33,5.80)  found 0  new 0  kept 0  total 1824
  tile 1359/2809  (52.33,5.88)  found 0  new 0  kept 0  total 1824
  tile 1360/2809  (52.33,5.95)  found 0  new 0  kept 0  total 1824
  tile 1361/2809  (52.33,6.02)  found 3  new 3  kept 3  total 1827
  tile 1362/2809  (52.33,6.09)  found 65  new 65  kept 5  total 1832
  tile 1363/2809  (52.33,6.16)  found 0  new 0  kept 0  total 1832
  tile 1364/2809  (52.33,6.24)  found 0  new 0  kept 0  total 1832
  tile 1365/2809  (52.33,6.31)  found 0  new 0  kept 0  total 1832
  tile 1366/2809  (52.33,6.38)  found 0  new 0  kept 0  total 1832
  tile 1367/2809  (52.33,6.45)  found 0  new 0  kept 0  total 1832
  tile 1368/2809  (52.33,6.52)  found 3  new 3  kept 3  total 1835
  tile 1369/2809  (52.33,6.60)  found 0  new 0  kept 0  total 1835
  tile 1370/2809  (52.33,6.67)  found 6  new 6  kept 5  total 1840
  tile 1371/2809  (52.33,6.74)  found 0  new 0  kept 0  total 1840
  tile 1372/2809  (52.33,6.81)  found 0  new 0  kept 0  total 1840
  tile 1373/2809  (52.33,6.88)  found 0  new 0  kept 0  total 1840
  tile 1374/2809  (52.33,6.96)  found 0  new 0  kept 0  total 1840
  tile 1375/2809  (52.33,7.03)  found 0  new 0  kept 0  total 1840
  tile 1376/2809  (52.33,7.10)  found 0  new 0  kept 0  total 1840
  tile 1377/2809  (52.33,7.17)  found 0  new 0  kept 0  total 1840
  tile 1378/2809  (52.33,7.24)  found 0  new 0  kept 0  total 1840
  tile 1379/2809  (52.37,3.50)  found 0  new 0  kept 0  total 1840
  tile 1380/2809  (52.37,3.57)  found 0  new 0  kept 0  total 1840
  tile 1381/2809  (52.37,3.64)  found 0  new 0  kept 0  total 1840
  tile 1382/2809  (52.37,3.72)  found 0  new 0  kept 0  total 1840
  tile 1383/2809  (52.37,3.79)  found 0  new 0  kept 0  total 1840
  tile 1384/2809  (52.37,3.86)  found 0  new 0  kept 0  total 1840
  tile 1385/2809  (52.37,3.93)  found 0  new 0  kept 0  total 1840
  tile 1386/2809  (52.37,4.00)  found 0  new 0  kept 0  total 1840
  tile 1387/2809  (52.37,4.08)  found 0  new 0  kept 0  total 1840
  tile 1388/2809  (52.37,4.15)  found 0  new 0  kept 0  total 1840
  tile 1389/2809  (52.37,4.22)  found 0  new 0  kept 0  total 1840
  tile 1390/2809  (52.37,4.29)  found 0  new 0  kept 0  total 1840
  tile 1391/2809  (52.37,4.36)  found 0  new 0  kept 0  total 1840
  tile 1392/2809  (52.37,4.44)  found 0  new 0  kept 0  total 1840
  tile 1393/2809  (52.37,4.51)  found 0  new 0  kept 0  total 1840
  tile 1394/2809  (52.37,4.58)  found 1  new 1  kept 1  total 1841
  tile 1395/2809  (52.37,4.65)  found 43  new 43  kept 5  total 1846
  tile 1396/2809  (52.37,4.72)  found 36  new 36  kept 5  total 1851
  tile 1397/2809  (52.37,4.80)  found 170  new 170  kept 5  total 1856
  tile 1398/2809  (52.37,4.87)  found 736  new 736  kept 5  total 1861
  tile 1399/2809  (52.37,4.94)  found 657  new 657  kept 5  total 1866
  tile 1400/2809  (52.37,5.01)  found 170  new 170  kept 5  total 1871
  tile 1401/2809  (52.37,5.08)  found 6  new 6  kept 5  total 1876
  tile 1402/2809  (52.37,5.16)  found 464  new 464  kept 5  total 1881
  tile 1403/2809  (52.37,5.23)  found 680  new 680  kept 5  total 1886
  tile 1404/2809  (52.37,5.30)  found 1227  new 1227  kept 5  total 1891
  tile 1405/2809  (52.37,5.37)  found 0  new 0  kept 0  total 1891
  tile 1406/2809  (52.37,5.44)  found 0  new 0  kept 0  total 1891
  tile 1407/2809  (52.37,5.52)  found 0  new 0  kept 0  total 1891
  tile 1408/2809  (52.37,5.59)  found 0  new 0  kept 0  total 1891
  tile 1409/2809  (52.37,5.66)  found 16  new 16  kept 5  total 1896
  tile 1410/2809  (52.37,5.73)  found 2  new 2  kept 2  total 1898
  tile 1411/2809  (52.37,5.80)  found 0  new 0  kept 0  total 1898
  tile 1412/2809  (52.37,5.88)  found 0  new 0  kept 0  total 1898
  tile 1413/2809  (52.37,5.95)  found 0  new 0  kept 0  total 1898
  tile 1414/2809  (52.37,6.02)  found 0  new 0  kept 0  total 1898
  tile 1415/2809  (52.37,6.09)  found 3  new 3  kept 3  total 1901
  tile 1416/2809  (52.37,6.16)  found 2  new 2  kept 2  total 1903
  tile 1417/2809  (52.37,6.24)  found 0  new 0  kept 0  total 1903
  tile 1418/2809  (52.37,6.31)  found 0  new 0  kept 0  total 1903
  tile 1419/2809  (52.37,6.38)  found 0  new 0  kept 0  total 1903
  tile 1420/2809  (52.37,6.45)  found 107  new 107  kept 5  total 1908
  tile 1421/2809  (52.37,6.52)  found 2  new 2  kept 2  total 1910
  tile 1422/2809  (52.37,6.60)  found 18  new 18  kept 5  total 1915
  tile 1423/2809  (52.37,6.67)  found 2  new 2  kept 2  total 1917
  tile 1424/2809  (52.37,6.74)  found 0  new 0  kept 0  total 1917
  tile 1425/2809  (52.37,6.81)  found 0  new 0  kept 0  total 1917
  tile 1426/2809  (52.37,6.88)  found 0  new 0  kept 0  total 1917
  tile 1427/2809  (52.37,6.96)  found 0  new 0  kept 0  total 1917
  tile 1428/2809  (52.37,7.03)  found 1  new 1  kept 1  total 1918
  tile 1429/2809  (52.37,7.10)  found 0  new 0  kept 0  total 1918
  tile 1430/2809  (52.37,7.17)  found 0  new 0  kept 0  total 1918
  tile 1431/2809  (52.37,7.24)  found 0  new 0  kept 0  total 1918
  tile 1432/2809  (52.41,3.50)  found 0  new 0  kept 0  total 1918
  tile 1433/2809  (52.41,3.57)  found 0  new 0  kept 0  total 1918
  tile 1434/2809  (52.41,3.64)  found 0  new 0  kept 0  total 1918
  tile 1435/2809  (52.41,3.72)  found 0  new 0  kept 0  total 1918
  tile 1436/2809  (52.41,3.79)  found 0  new 0  kept 0  total 1918
  tile 1437/2809  (52.41,3.86)  found 0  new 0  kept 0  total 1918
  tile 1438/2809  (52.41,3.93)  found 0  new 0  kept 0  total 1918
  tile 1439/2809  (52.41,4.00)  found 0  new 0  kept 0  total 1918
  tile 1440/2809  (52.41,4.08)  found 0  new 0  kept 0  total 1918
  tile 1441/2809  (52.41,4.15)  found 0  new 0  kept 0  total 1918
  tile 1442/2809  (52.41,4.22)  found 0  new 0  kept 0  total 1918
  tile 1443/2809  (52.41,4.29)  found 0  new 0  kept 0  total 1918
  tile 1444/2809  (52.41,4.36)  found 0  new 0  kept 0  total 1918
  tile 1445/2809  (52.41,4.44)  found 0  new 0  kept 0  total 1918
  tile 1446/2809  (52.41,4.51)  found 0  new 0  kept 0  total 1918
  tile 1447/2809  (52.41,4.58)  found 0  new 0  kept 0  total 1918
  tile 1448/2809  (52.41,4.65)  found 11  new 11  kept 5  total 1923
  tile 1449/2809  (52.41,4.72)  found 7  new 7  kept 5  total 1928
  tile 1450/2809  (52.41,4.80)  found 65  new 65  kept 5  total 1933
  tile 1451/2809  (52.41,4.87)  found 223  new 223  kept 5  total 1938
  tile 1452/2809  (52.41,4.94)  found 80  new 80  kept 5  total 1943
  tile 1453/2809  (52.41,5.01)  found 11  new 11  kept 5  total 1948
  tile 1454/2809  (52.41,5.08)  found 46  new 46  kept 5  total 1953
  tile 1455/2809  (52.41,5.16)  found 0  new 0  kept 0  total 1953
  tile 1456/2809  (52.41,5.23)  found 66  new 66  kept 5  total 1958
  tile 1457/2809  (52.41,5.30)  found 83  new 83  kept 5  total 1963
  tile 1458/2809  (52.41,5.37)  found 41  new 41  kept 5  total 1968
  tile 1459/2809  (52.41,5.44)  found 0  new 0  kept 0  total 1968
  tile 1460/2809  (52.41,5.52)  found 0  new 0  kept 0  total 1968
  tile 1461/2809  (52.41,5.59)  found 1  new 1  kept 1  total 1969
  tile 1462/2809  (52.41,5.66)  found 0  new 0  kept 0  total 1969
  tile 1463/2809  (52.41,5.73)  found 0  new 0  kept 0  total 1969
  tile 1464/2809  (52.41,5.80)  found 2  new 2  kept 2  total 1971
  tile 1465/2809  (52.41,5.88)  found 4  new 4  kept 4  total 1975
  tile 1466/2809  (52.41,5.95)  found 0  new 0  kept 0  total 1975
  tile 1467/2809  (52.41,6.02)  found 0  new 0  kept 0  total 1975
  tile 1468/2809  (52.41,6.09)  found 49  new 49  kept 5  total 1980
  tile 1469/2809  (52.41,6.16)  found 0  new 0  kept 0  total 1980
  tile 1470/2809  (52.41,6.24)  found 0  new 0  kept 0  total 1980
  tile 1471/2809  (52.41,6.31)  found 0  new 0  kept 0  total 1980
  tile 1472/2809  (52.41,6.38)  found 0  new 0  kept 0  total 1980
  tile 1473/2809  (52.41,6.45)  found 0  new 0  kept 0  total 1980
  tile 1474/2809  (52.41,6.52)  found 0  new 0  kept 0  total 1980
  tile 1475/2809  (52.41,6.60)  found 37  new 37  kept 5  total 1985
  tile 1476/2809  (52.41,6.67)  found 0  new 0  kept 0  total 1985
  tile 1477/2809  (52.41,6.74)  found 0  new 0  kept 0  total 1985
  tile 1478/2809  (52.41,6.81)  found 0  new 0  kept 0  total 1985
  tile 1479/2809  (52.41,6.88)  found 0  new 0  kept 0  total 1985
  tile 1480/2809  (52.41,6.96)  found 0  new 0  kept 0  total 1985
  tile 1481/2809  (52.41,7.03)  found 0  new 0  kept 0  total 1985
  tile 1482/2809  (52.41,7.10)  found 0  new 0  kept 0  total 1985
  tile 1483/2809  (52.41,7.17)  found 0  new 0  kept 0  total 1985
  tile 1484/2809  (52.41,7.24)  found 0  new 0  kept 0  total 1985
  tile 1485/2809  (52.46,3.50)  found 0  new 0  kept 0  total 1985
  tile 1486/2809  (52.46,3.57)  found 0  new 0  kept 0  total 1985
  tile 1487/2809  (52.46,3.64)  found 0  new 0  kept 0  total 1985
  tile 1488/2809  (52.46,3.72)  found 0  new 0  kept 0  total 1985
  tile 1489/2809  (52.46,3.79)  found 0  new 0  kept 0  total 1985
  tile 1490/2809  (52.46,3.86)  found 0  new 0  kept 0  total 1985
  tile 1491/2809  (52.46,3.93)  found 0  new 0  kept 0  total 1985
  tile 1492/2809  (52.46,4.00)  found 0  new 0  kept 0  total 1985
  tile 1493/2809  (52.46,4.08)  found 0  new 0  kept 0  total 1985
  tile 1494/2809  (52.46,4.15)  found 0  new 0  kept 0  total 1985
  tile 1495/2809  (52.46,4.22)  found 0  new 0  kept 0  total 1985
  tile 1496/2809  (52.46,4.29)  found 0  new 0  kept 0  total 1985
  tile 1497/2809  (52.46,4.36)  found 0  new 0  kept 0  total 1985
  tile 1498/2809  (52.46,4.44)  found 0  new 0  kept 0  total 1985
  tile 1499/2809  (52.46,4.51)  found 0  new 0  kept 0  total 1985
  tile 1500/2809  (52.46,4.58)  found 27  new 27  kept 5  total 1990
  tile 1501/2809  (52.46,4.65)  found 34  new 34  kept 5  total 1995
  tile 1502/2809  (52.46,4.72)  found 9  new 9  kept 5  total 2000
  tile 1503/2809  (52.46,4.80)  found 28  new 28  kept 5  total 2005
  tile 1504/2809  (52.46,4.87)  found 1  new 1  kept 1  total 2006
  tile 1505/2809  (52.46,4.94)  found 12  new 12  kept 5  total 2011
  tile 1506/2809  (52.46,5.01)  found 6  new 6  kept 5  total 2016
  tile 1507/2809  (52.46,5.08)  found 15  new 15  kept 5  total 2021
  tile 1508/2809  (52.46,5.16)  found 0  new 0  kept 0  total 2021
  tile 1509/2809  (52.46,5.23)  found 0  new 0  kept 0  total 2021
  tile 1510/2809  (52.46,5.30)  found 9  new 9  kept 5  total 2026
  tile 1511/2809  (52.46,5.37)  found 0  new 0  kept 0  total 2026
  tile 1512/2809  (52.46,5.44)  found 21  new 21  kept 5  total 2031
  tile 1513/2809  (52.46,5.52)  found 2  new 2  kept 2  total 2033
  tile 1514/2809  (52.46,5.59)  found 0  new 0  kept 0  total 2033
  tile 1515/2809  (52.46,5.66)  found 0  new 0  kept 0  total 2033
  tile 1516/2809  (52.46,5.73)  found 1  new 1  kept 1  total 2034
  tile 1517/2809  (52.46,5.80)  found 7  new 7  kept 5  total 2039
  tile 1518/2809  (52.46,5.88)  found 2  new 2  kept 2  total 2041
  tile 1519/2809  (52.46,5.95)  found 0  new 0  kept 0  total 2041
  tile 1520/2809  (52.46,6.02)  found 0  new 0  kept 0  total 2041
  tile 1521/2809  (52.46,6.09)  found 20  new 20  kept 5  total 2046
  tile 1522/2809  (52.46,6.16)  found 1  new 1  kept 1  total 2047
  tile 1523/2809  (52.46,6.24)  found 0  new 0  kept 0  total 2047
  tile 1524/2809  (52.46,6.31)  found 0  new 0  kept 0  total 2047
  tile 1525/2809  (52.46,6.38)  found 2  new 2  kept 2  total 2049
  tile 1526/2809  (52.46,6.45)  found 0  new 0  kept 0  total 2049
  tile 1527/2809  (52.46,6.52)  found 0  new 0  kept 0  total 2049
  tile 1528/2809  (52.46,6.60)  found 0  new 0  kept 0  total 2049
  tile 1529/2809  (52.46,6.67)  found 0  new 0  kept 0  total 2049
  tile 1530/2809  (52.46,6.74)  found 0  new 0  kept 0  total 2049
  tile 1531/2809  (52.46,6.81)  found 0  new 0  kept 0  total 2049
  tile 1532/2809  (52.46,6.88)  found 0  new 0  kept 0  total 2049
  tile 1533/2809  (52.46,6.96)  found 0  new 0  kept 0  total 2049
  tile 1534/2809  (52.46,7.03)  found 0  new 0  kept 0  total 2049
  tile 1535/2809  (52.46,7.10)  found 0  new 0  kept 0  total 2049
  tile 1536/2809  (52.46,7.17)  found 0  new 0  kept 0  total 2049
  tile 1537/2809  (52.46,7.24)  found 0  new 0  kept 0  total 2049
  tile 1538/2809  (52.51,3.50)  found 0  new 0  kept 0  total 2049
  tile 1539/2809  (52.51,3.57)  found 1  new 1  kept 1  total 2050
  tile 1540/2809  (52.51,3.64)  found 0  new 0  kept 0  total 2050
  tile 1541/2809  (52.51,3.72)  found 0  new 0  kept 0  total 2050
  tile 1542/2809  (52.51,3.79)  found 0  new 0  kept 0  total 2050
  tile 1543/2809  (52.51,3.86)  found 0  new 0  kept 0  total 2050
  tile 1544/2809  (52.51,3.93)  found 0  new 0  kept 0  total 2050
  tile 1545/2809  (52.51,4.00)  found 0  new 0  kept 0  total 2050
  tile 1546/2809  (52.51,4.08)  found 0  new 0  kept 0  total 2050
  tile 1547/2809  (52.51,4.15)  found 0  new 0  kept 0  total 2050
  tile 1548/2809  (52.51,4.22)  found 0  new 0  kept 0  total 2050
  tile 1549/2809  (52.51,4.29)  found 0  new 0  kept 0  total 2050
  tile 1550/2809  (52.51,4.36)  found 0  new 0  kept 0  total 2050
  tile 1551/2809  (52.51,4.44)  found 0  new 0  kept 0  total 2050
  tile 1552/2809  (52.51,4.51)  found 0  new 0  kept 0  total 2050
  tile 1553/2809  (52.51,4.58)  found 0  new 0  kept 0  total 2050
  tile 1554/2809  (52.51,4.65)  found 0  new 0  kept 0  total 2050
  tile 1555/2809  (52.51,4.72)  found 5  new 5  kept 5  total 2055
  tile 1556/2809  (52.51,4.80)  found 13  new 13  kept 5  total 2060
  tile 1557/2809  (52.51,4.87)  found 15  new 15  kept 5  total 2065
  tile 1558/2809  (52.51,4.94)  found 106  new 106  kept 5  total 2070
  tile 1559/2809  (52.51,5.01)  found 0  new 0  kept 0  total 2070
  tile 1560/2809  (52.51,5.08)  found 182  new 182  kept 5  total 2075
  tile 1561/2809  (52.51,5.16)  found 0  new 0  kept 0  total 2075
  tile 1562/2809  (52.51,5.23)  found 0  new 0  kept 0  total 2075
  tile 1563/2809  (52.51,5.30)  found 0  new 0  kept 0  total 2075
  tile 1564/2809  (52.51,5.37)  found 0  new 0  kept 0  total 2075
  tile 1565/2809  (52.51,5.44)  found 10  new 10  kept 5  total 2080
  tile 1566/2809  (52.51,5.52)  found 2  new 2  kept 2  total 2082
  tile 1567/2809  (52.51,5.59)  found 0  new 0  kept 0  total 2082
  tile 1568/2809  (52.51,5.66)  found 0  new 0  kept 0  total 2082
  tile 1569/2809  (52.51,5.73)  found 0  new 0  kept 0  total 2082
  tile 1570/2809  (52.51,5.80)  found 0  new 0  kept 0  total 2082
  tile 1571/2809  (52.51,5.88)  found 5  new 5  kept 5  total 2087
  tile 1572/2809  (52.51,5.95)  found 35  new 35  kept 5  total 2092
  tile 1573/2809  (52.51,6.02)  found 4  new 4  kept 4  total 2096
  tile 1574/2809  (52.51,6.09)  found 68  new 68  kept 5  total 2101
  tile 1575/2809  (52.51,6.16)  found 0  new 0  kept 0  total 2101
  tile 1576/2809  (52.51,6.24)  found 2  new 2  kept 2  total 2103
  tile 1577/2809  (52.51,6.31)  found 0  new 0  kept 0  total 2103
  tile 1578/2809  (52.51,6.38)  found 2  new 2  kept 2  total 2105
  tile 1579/2809  (52.51,6.45)  found 0  new 0  kept 0  total 2105
  tile 1580/2809  (52.51,6.52)  found 0  new 0  kept 0  total 2105
  tile 1581/2809  (52.51,6.60)  found 68  new 68  kept 5  total 2110
  tile 1582/2809  (52.51,6.67)  found 0  new 0  kept 0  total 2110
  tile 1583/2809  (52.51,6.74)  found 0  new 0  kept 0  total 2110
  tile 1584/2809  (52.51,6.81)  found 0  new 0  kept 0  total 2110
  tile 1585/2809  (52.51,6.88)  found 0  new 0  kept 0  total 2110
  tile 1586/2809  (52.51,6.96)  found 0  new 0  kept 0  total 2110
  tile 1587/2809  (52.51,7.03)  found 0  new 0  kept 0  total 2110
  tile 1588/2809  (52.51,7.10)  found 0  new 0  kept 0  total 2110
  tile 1589/2809  (52.51,7.17)  found 0  new 0  kept 0  total 2110
  tile 1590/2809  (52.51,7.24)  found 0  new 0  kept 0  total 2110
  tile 1591/2809  (52.55,3.50)  found 0  new 0  kept 0  total 2110
  tile 1592/2809  (52.55,3.57)  found 2  new 2  kept 2  total 2112
  tile 1593/2809  (52.55,3.64)  found 3  new 3  kept 3  total 2115
  tile 1594/2809  (52.55,3.72)  found 0  new 0  kept 0  total 2115
  tile 1595/2809  (52.55,3.79)  found 0  new 0  kept 0  total 2115
  tile 1596/2809  (52.55,3.86)  found 0  new 0  kept 0  total 2115
  tile 1597/2809  (52.55,3.93)  found 0  new 0  kept 0  total 2115
  tile 1598/2809  (52.55,4.00)  found 0  new 0  kept 0  total 2115
  tile 1599/2809  (52.55,4.08)  found 0  new 0  kept 0  total 2115
  tile 1600/2809  (52.55,4.15)  found 0  new 0  kept 0  total 2115
  tile 1601/2809  (52.55,4.22)  found 0  new 0  kept 0  total 2115
  tile 1602/2809  (52.55,4.29)  found 0  new 0  kept 0  total 2115
  tile 1603/2809  (52.55,4.36)  found 0  new 0  kept 0  total 2115
  tile 1604/2809  (52.55,4.44)  found 0  new 0  kept 0  total 2115
  tile 1605/2809  (52.55,4.51)  found 0  new 0  kept 0  total 2115
  tile 1606/2809  (52.55,4.58)  found 0  new 0  kept 0  total 2115
  tile 1607/2809  (52.55,4.65)  found 2  new 2  kept 2  total 2117
  tile 1608/2809  (52.55,4.72)  found 8  new 8  kept 5  total 2122
  tile 1609/2809  (52.55,4.80)  found 26  new 26  kept 5  total 2127
  tile 1610/2809  (52.55,4.87)  found 0  new 0  kept 0  total 2127
  tile 1611/2809  (52.55,4.94)  found 0  new 0  kept 0  total 2127
  tile 1612/2809  (52.55,5.01)  found 1  new 1  kept 1  total 2128
  tile 1613/2809  (52.55,5.08)  found 0  new 0  kept 0  total 2128
  tile 1614/2809  (52.55,5.16)  found 0  new 0  kept 0  total 2128
  tile 1615/2809  (52.55,5.23)  found 0  new 0  kept 0  total 2128
  tile 1616/2809  (52.55,5.30)  found 0  new 0  kept 0  total 2128
  tile 1617/2809  (52.55,5.37)  found 0  new 0  kept 0  total 2128
  tile 1618/2809  (52.55,5.44)  found 20  new 20  kept 5  total 2133
  tile 1619/2809  (52.55,5.52)  found 30  new 30  kept 5  total 2138
  tile 1620/2809  (52.55,5.59)  found 1  new 1  kept 1  total 2139
  tile 1621/2809  (52.55,5.66)  found 2  new 2  kept 2  total 2141
  tile 1622/2809  (52.55,5.73)  found 0  new 0  kept 0  total 2141
  tile 1623/2809  (52.55,5.80)  found 2  new 2  kept 2  total 2143
  tile 1624/2809  (52.55,5.88)  found 28  new 28  kept 5  total 2148
  tile 1625/2809  (52.55,5.95)  found 13  new 13  kept 5  total 2153
  tile 1626/2809  (52.55,6.02)  found 5  new 5  kept 5  total 2158
  tile 1627/2809  (52.55,6.09)  found 14  new 14  kept 5  total 2163
  tile 1628/2809  (52.55,6.16)  found 21  new 21  kept 5  total 2168
  tile 1629/2809  (52.55,6.24)  found 0  new 0  kept 0  total 2168
  tile 1630/2809  (52.55,6.31)  found 0  new 0  kept 0  total 2168
  tile 1631/2809  (52.55,6.38)  found 0  new 0  kept 0  total 2168
  tile 1632/2809  (52.55,6.45)  found 0  new 0  kept 0  total 2168
  tile 1633/2809  (52.55,6.52)  found 2  new 2  kept 2  total 2170
  tile 1634/2809  (52.55,6.60)  found 1  new 1  kept 1  total 2171
  tile 1635/2809  (52.55,6.67)  found 0  new 0  kept 0  total 2171
  tile 1636/2809  (52.55,6.74)  found 0  new 0  kept 0  total 2171
  tile 1637/2809  (52.55,6.81)  found 0  new 0  kept 0  total 2171
  tile 1638/2809  (52.55,6.88)  found 0  new 0  kept 0  total 2171
  tile 1639/2809  (52.55,6.96)  found 0  new 0  kept 0  total 2171
  tile 1640/2809  (52.55,7.03)  found 0  new 0  kept 0  total 2171
  tile 1641/2809  (52.55,7.10)  found 0  new 0  kept 0  total 2171
  tile 1642/2809  (52.55,7.17)  found 0  new 0  kept 0  total 2171
  tile 1643/2809  (52.55,7.24)  found 0  new 0  kept 0  total 2171
  tile 1644/2809  (52.59,3.50)  found 0  new 0  kept 0  total 2171
  tile 1645/2809  (52.59,3.57)  found 1  new 1  kept 1  total 2172
  tile 1646/2809  (52.59,3.64)  found 1  new 1  kept 1  total 2173
  tile 1647/2809  (52.59,3.72)  found 0  new 0  kept 0  total 2173
  tile 1648/2809  (52.59,3.79)  found 0  new 0  kept 0  total 2173
  tile 1649/2809  (52.59,3.86)  found 0  new 0  kept 0  total 2173
  tile 1650/2809  (52.59,3.93)  found 0  new 0  kept 0  total 2173
  tile 1651/2809  (52.59,4.00)  found 0  new 0  kept 0  total 2173
  tile 1652/2809  (52.59,4.08)  found 0  new 0  kept 0  total 2173
  tile 1653/2809  (52.59,4.15)  found 0  new 0  kept 0  total 2173
  tile 1654/2809  (52.59,4.22)  found 0  new 0  kept 0  total 2173
  tile 1655/2809  (52.59,4.29)  found 0  new 0  kept 0  total 2173
  tile 1656/2809  (52.59,4.36)  found 0  new 0  kept 0  total 2173
  tile 1657/2809  (52.59,4.44)  found 0  new 0  kept 0  total 2173
  tile 1658/2809  (52.59,4.51)  found 0  new 0  kept 0  total 2173
  tile 1659/2809  (52.59,4.58)  found 0  new 0  kept 0  total 2173
  tile 1660/2809  (52.59,4.65)  found 8  new 8  kept 5  total 2178
  tile 1661/2809  (52.59,4.72)  found 10  new 10  kept 5  total 2183
  tile 1662/2809  (52.59,4.80)  found 0  new 0  kept 0  total 2183
  tile 1663/2809  (52.59,4.87)  found 21  new 21  kept 5  total 2188
  tile 1664/2809  (52.59,4.94)  found 32  new 32  kept 5  total 2193
  tile 1665/2809  (52.59,5.01)  found 177  new 177  kept 5  total 2198
  tile 1666/2809  (52.59,5.08)  found 0  new 0  kept 0  total 2198
  tile 1667/2809  (52.59,5.16)  found 0  new 0  kept 0  total 2198
  tile 1668/2809  (52.59,5.23)  found 0  new 0  kept 0  total 2198
  tile 1669/2809  (52.59,5.30)  found 0  new 0  kept 0  total 2198
  tile 1670/2809  (52.59,5.37)  found 17  new 17  kept 5  total 2203
  tile 1671/2809  (52.59,5.44)  found 2  new 2  kept 2  total 2205
  tile 1672/2809  (52.59,5.52)  found 0  new 0  kept 0  total 2205
  tile 1673/2809  (52.59,5.59)  found 210  new 210  kept 5  total 2210
  tile 1674/2809  (52.59,5.66)  found 3  new 3  kept 3  total 2213
  tile 1675/2809  (52.59,5.73)  found 1  new 1  kept 1  total 2214
  tile 1676/2809  (52.59,5.80)  found 12  new 12  kept 5  total 2219
  tile 1677/2809  (52.59,5.88)  found 2  new 2  kept 2  total 2221
  tile 1678/2809  (52.59,5.95)  found 0  new 0  kept 0  total 2221
  tile 1679/2809  (52.59,6.02)  found 8  new 8  kept 5  total 2226
  tile 1680/2809  (52.59,6.09)  found 85  new 85  kept 5  total 2231
  tile 1681/2809  (52.59,6.16)  found 8  new 8  kept 5  total 2236
  tile 1682/2809  (52.59,6.24)  found 3  new 3  kept 3  total 2239
  tile 1683/2809  (52.59,6.31)  found 0  new 0  kept 0  total 2239
  tile 1684/2809  (52.59,6.38)  found 1  new 1  kept 1  total 2240
  tile 1685/2809  (52.59,6.45)  found 0  new 0  kept 0  total 2240
  tile 1686/2809  (52.59,6.52)  found 0  new 0  kept 0  total 2240
  tile 1687/2809  (52.59,6.60)  found 0  new 0  kept 0  total 2240
  tile 1688/2809  (52.59,6.67)  found 31  new 31  kept 5  total 2245
  tile 1689/2809  (52.59,6.74)  found 0  new 0  kept 0  total 2245
  tile 1690/2809  (52.59,6.81)  found 0  new 0  kept 0  total 2245
  tile 1691/2809  (52.59,6.88)  found 0  new 0  kept 0  total 2245
  tile 1692/2809  (52.59,6.96)  found 0  new 0  kept 0  total 2245
  tile 1693/2809  (52.59,7.03)  found 0  new 0  kept 0  total 2245
  tile 1694/2809  (52.59,7.10)  found 0  new 0  kept 0  total 2245
  tile 1695/2809  (52.59,7.17)  found 0  new 0  kept 0  total 2245
  tile 1696/2809  (52.59,7.24)  found 0  new 0  kept 0  total 2245
  tile 1697/2809  (52.64,3.50)  found 0  new 0  kept 0  total 2245
  tile 1698/2809  (52.64,3.57)  found 0  new 0  kept 0  total 2245
  tile 1699/2809  (52.64,3.64)  found 0  new 0  kept 0  total 2245
  tile 1700/2809  (52.64,3.72)  found 0  new 0  kept 0  total 2245
  tile 1701/2809  (52.64,3.79)  found 0  new 0  kept 0  total 2245
  tile 1702/2809  (52.64,3.86)  found 0  new 0  kept 0  total 2245
  tile 1703/2809  (52.64,3.93)  found 0  new 0  kept 0  total 2245
  tile 1704/2809  (52.64,4.00)  found 0  new 0  kept 0  total 2245
  tile 1705/2809  (52.64,4.08)  found 0  new 0  kept 0  total 2245
  tile 1706/2809  (52.64,4.15)  found 0  new 0  kept 0  total 2245
  tile 1707/2809  (52.64,4.22)  found 0  new 0  kept 0  total 2245
  tile 1708/2809  (52.64,4.29)  found 0  new 0  kept 0  total 2245
  tile 1709/2809  (52.64,4.36)  found 0  new 0  kept 0  total 2245
  tile 1710/2809  (52.64,4.44)  found 0  new 0  kept 0  total 2245
  tile 1711/2809  (52.64,4.51)  found 0  new 0  kept 0  total 2245
  tile 1712/2809  (52.64,4.58)  found 0  new 0  kept 0  total 2245
  tile 1713/2809  (52.64,4.65)  found 0  new 0  kept 0  total 2245
  tile 1714/2809  (52.64,4.72)  found 38  new 38  kept 5  total 2250
  tile 1715/2809  (52.64,4.80)  found 48  new 48  kept 5  total 2255
  tile 1716/2809  (52.64,4.87)  found 28  new 28  kept 5  total 2260
  tile 1717/2809  (52.64,4.94)  found 3  new 3  kept 3  total 2263
  tile 1718/2809  (52.64,5.01)  found 6  new 6  kept 5  total 2268
  tile 1719/2809  (52.64,5.08)  found 33  new 33  kept 5  total 2273
  tile 1720/2809  (52.64,5.16)  found 2  new 2  kept 2  total 2275
  tile 1721/2809  (52.64,5.23)  found 0  new 0  kept 0  total 2275
  tile 1722/2809  (52.64,5.30)  found 0  new 0  kept 0  total 2275
  tile 1723/2809  (52.64,5.37)  found 1  new 1  kept 1  total 2276
  tile 1724/2809  (52.64,5.44)  found 0  new 0  kept 0  total 2276
  tile 1725/2809  (52.64,5.52)  found 0  new 0  kept 0  total 2276
  tile 1726/2809  (52.64,5.59)  found 0  new 0  kept 0  total 2276
  tile 1727/2809  (52.64,5.66)  found 0  new 0  kept 0  total 2276
  tile 1728/2809  (52.64,5.73)  found 0  new 0  kept 0  total 2276
  tile 1729/2809  (52.64,5.80)  found 33  new 33  kept 5  total 2281
  tile 1730/2809  (52.64,5.88)  found 0  new 0  kept 0  total 2281
  tile 1731/2809  (52.64,5.95)  found 0  new 0  kept 0  total 2281
  tile 1732/2809  (52.64,6.02)  found 15  new 15  kept 5  total 2286
  tile 1733/2809  (52.64,6.09)  found 14  new 14  kept 5  total 2291
  tile 1734/2809  (52.64,6.16)  found 10  new 10  kept 5  total 2296
  tile 1735/2809  (52.64,6.24)  found 0  new 0  kept 0  total 2296
  tile 1736/2809  (52.64,6.31)  found 0  new 0  kept 0  total 2296
  tile 1737/2809  (52.64,6.38)  found 0  new 0  kept 0  total 2296
  tile 1738/2809  (52.64,6.45)  found 0  new 0  kept 0  total 2296
  tile 1739/2809  (52.64,6.52)  found 0  new 0  kept 0  total 2296
  tile 1740/2809  (52.64,6.60)  found 0  new 0  kept 0  total 2296
  tile 1741/2809  (52.64,6.67)  found 0  new 0  kept 0  total 2296
  tile 1742/2809  (52.64,6.74)  found 0  new 0  kept 0  total 2296
  tile 1743/2809  (52.64,6.81)  found 0  new 0  kept 0  total 2296
  tile 1744/2809  (52.64,6.88)  found 0  new 0  kept 0  total 2296
  tile 1745/2809  (52.64,6.96)  found 0  new 0  kept 0  total 2296
  tile 1746/2809  (52.64,7.03)  found 1  new 1  kept 1  total 2297
  tile 1747/2809  (52.64,7.10)  found 0  new 0  kept 0  total 2297
  tile 1748/2809  (52.64,7.17)  found 0  new 0  kept 0  total 2297
  tile 1749/2809  (52.64,7.24)  found 0  new 0  kept 0  total 2297
  tile 1750/2809  (52.69,3.50)  found 0  new 0  kept 0  total 2297
  tile 1751/2809  (52.69,3.57)  found 0  new 0  kept 0  total 2297
  tile 1752/2809  (52.69,3.64)  found 0  new 0  kept 0  total 2297
  tile 1753/2809  (52.69,3.72)  found 0  new 0  kept 0  total 2297
  tile 1754/2809  (52.69,3.79)  found 0  new 0  kept 0  total 2297
  tile 1755/2809  (52.69,3.86)  found 0  new 0  kept 0  total 2297
  tile 1756/2809  (52.69,3.93)  found 0  new 0  kept 0  total 2297
  tile 1757/2809  (52.69,4.00)  found 0  new 0  kept 0  total 2297
  tile 1758/2809  (52.69,4.08)  found 0  new 0  kept 0  total 2297
  tile 1759/2809  (52.69,4.15)  found 0  new 0  kept 0  total 2297
  tile 1760/2809  (52.69,4.22)  found 0  new 0  kept 0  total 2297
  tile 1761/2809  (52.69,4.29)  found 0  new 0  kept 0  total 2297
  tile 1762/2809  (52.69,4.36)  found 0  new 0  kept 0  total 2297
  tile 1763/2809  (52.69,4.44)  found 0  new 0  kept 0  total 2297
  tile 1764/2809  (52.69,4.51)  found 0  new 0  kept 0  total 2297
  tile 1765/2809  (52.69,4.58)  found 0  new 0  kept 0  total 2297
  tile 1766/2809  (52.69,4.65)  found 0  new 0  kept 0  total 2297
  tile 1767/2809  (52.69,4.72)  found 28  new 28  kept 5  total 2302
  tile 1768/2809  (52.69,4.80)  found 0  new 0  kept 0  total 2302
  tile 1769/2809  (52.69,4.87)  found 30  new 30  kept 5  total 2307
  tile 1770/2809  (52.69,4.94)  found 0  new 0  kept 0  total 2307
  tile 1771/2809  (52.69,5.01)  found 12  new 12  kept 5  total 2312
  tile 1772/2809  (52.69,5.08)  found 2  new 2  kept 2  total 2314
  tile 1773/2809  (52.69,5.16)  found 12  new 12  kept 5  total 2319
  tile 1774/2809  (52.69,5.23)  found 0  new 0  kept 0  total 2319
  tile 1775/2809  (52.69,5.30)  found 18  new 18  kept 5  total 2324
  tile 1776/2809  (52.69,5.37)  found 1  new 1  kept 1  total 2325
  tile 1777/2809  (52.69,5.44)  found 0  new 0  kept 0  total 2325
  tile 1778/2809  (52.69,5.52)  found 0  new 0  kept 0  total 2325
  tile 1779/2809  (52.69,5.59)  found 14  new 14  kept 5  total 2330
  tile 1780/2809  (52.69,5.66)  found 0  new 0  kept 0  total 2330
  tile 1781/2809  (52.69,5.73)  found 2  new 2  kept 2  total 2332
  tile 1782/2809  (52.69,5.80)  found 0  new 0  kept 0  total 2332
  tile 1783/2809  (52.69,5.88)  found 4  new 4  kept 4  total 2336
  tile 1784/2809  (52.69,5.95)  found 8  new 8  kept 5  total 2341
  tile 1785/2809  (52.69,6.02)  found 0  new 0  kept 0  total 2341
  tile 1786/2809  (52.69,6.09)  found 0  new 0  kept 0  total 2341
  tile 1787/2809  (52.69,6.16)  found 8  new 8  kept 5  total 2346
  tile 1788/2809  (52.69,6.24)  found 9  new 9  kept 5  total 2351
  tile 1789/2809  (52.69,6.31)  found 7  new 7  kept 5  total 2356
  tile 1790/2809  (52.69,6.38)  found 5  new 5  kept 5  total 2361
  tile 1791/2809  (52.69,6.45)  found 0  new 0  kept 0  total 2361
  tile 1792/2809  (52.69,6.52)  found 0  new 0  kept 0  total 2361
  tile 1793/2809  (52.69,6.60)  found 6  new 6  kept 5  total 2366
  tile 1794/2809  (52.69,6.67)  found 0  new 0  kept 0  total 2366
  tile 1795/2809  (52.69,6.74)  found 19  new 19  kept 5  total 2371
  tile 1796/2809  (52.69,6.81)  found 0  new 0  kept 0  total 2371
  tile 1797/2809  (52.69,6.88)  found 2  new 2  kept 2  total 2373
  tile 1798/2809  (52.69,6.96)  found 0  new 0  kept 0  total 2373
  tile 1799/2809  (52.69,7.03)  found 0  new 0  kept 0  total 2373
  tile 1800/2809  (52.69,7.10)  found 0  new 0  kept 0  total 2373
  tile 1801/2809  (52.69,7.17)  found 0  new 0  kept 0  total 2373
  tile 1802/2809  (52.69,7.24)  found 0  new 0  kept 0  total 2373
  tile 1803/2809  (52.73,3.50)  found 0  new 0  kept 0  total 2373
  tile 1804/2809  (52.73,3.57)  found 0  new 0  kept 0  total 2373
  tile 1805/2809  (52.73,3.64)  found 0  new 0  kept 0  total 2373
  tile 1806/2809  (52.73,3.72)  found 0  new 0  kept 0  total 2373
  tile 1807/2809  (52.73,3.79)  found 0  new 0  kept 0  total 2373
  tile 1808/2809  (52.73,3.86)  found 0  new 0  kept 0  total 2373
  tile 1809/2809  (52.73,3.93)  found 0  new 0  kept 0  total 2373
  tile 1810/2809  (52.73,4.00)  found 0  new 0  kept 0  total 2373
  tile 1811/2809  (52.73,4.08)  found 0  new 0  kept 0  total 2373
  tile 1812/2809  (52.73,4.15)  found 0  new 0  kept 0  total 2373
  tile 1813/2809  (52.73,4.22)  found 0  new 0  kept 0  total 2373
  tile 1814/2809  (52.73,4.29)  found 0  new 0  kept 0  total 2373
  tile 1815/2809  (52.73,4.36)  found 0  new 0  kept 0  total 2373
  tile 1816/2809  (52.73,4.44)  found 0  new 0  kept 0  total 2373
  tile 1817/2809  (52.73,4.51)  found 0  new 0  kept 0  total 2373
  tile 1818/2809  (52.73,4.58)  found 0  new 0  kept 0  total 2373
  tile 1819/2809  (52.73,4.65)  found 33  new 33  kept 5  total 2378
  tile 1820/2809  (52.73,4.72)  found 0  new 0  kept 0  total 2378
  tile 1821/2809  (52.73,4.80)  found 18  new 18  kept 5  total 2383
  tile 1822/2809  (52.73,4.87)  found 20  new 20  kept 5  total 2388
  tile 1823/2809  (52.73,4.94)  found 0  new 0  kept 0  total 2388
  tile 1824/2809  (52.73,5.01)  found 11  new 11  kept 5  total 2393
  tile 1825/2809  (52.73,5.08)  found 0  new 0  kept 0  total 2393
  tile 1826/2809  (52.73,5.16)  found 49  new 49  kept 5  total 2398
  tile 1827/2809  (52.73,5.23)  found 0  new 0  kept 0  total 2398
  tile 1828/2809  (52.73,5.30)  found 0  new 0  kept 0  total 2398
  tile 1829/2809  (52.73,5.37)  found 0  new 0  kept 0  total 2398
  tile 1830/2809  (52.73,5.44)  found 0  new 0  kept 0  total 2398
  tile 1831/2809  (52.73,5.52)  found 0  new 0  kept 0  total 2398
  tile 1832/2809  (52.73,5.59)  found 6  new 6  kept 5  total 2403
  tile 1833/2809  (52.73,5.66)  found 0  new 0  kept 0  total 2403
  tile 1834/2809  (52.73,5.73)  found 20  new 20  kept 5  total 2408
  tile 1835/2809  (52.73,5.80)  found 0  new 0  kept 0  total 2408
  tile 1836/2809  (52.73,5.88)  found 0  new 0  kept 0  total 2408
  tile 1837/2809  (52.73,5.95)  found 2  new 2  kept 2  total 2410
  tile 1838/2809  (52.73,6.02)  found 0  new 0  kept 0  total 2410
  tile 1839/2809  (52.73,6.09)  found 0  new 0  kept 0  total 2410
  tile 1840/2809  (52.73,6.16)  found 0  new 0  kept 0  total 2410
  tile 1841/2809  (52.73,6.24)  found 0  new 0  kept 0  total 2410
  tile 1842/2809  (52.73,6.31)  found 1  new 1  kept 1  total 2411
  tile 1843/2809  (52.73,6.38)  found 0  new 0  kept 0  total 2411
  tile 1844/2809  (52.73,6.45)  found 12  new 12  kept 5  total 2416
  tile 1845/2809  (52.73,6.52)  found 9  new 9  kept 5  total 2421
  tile 1846/2809  (52.73,6.60)  found 0  new 0  kept 0  total 2421
  tile 1847/2809  (52.73,6.67)  found 4  new 4  kept 4  total 2425
  tile 1848/2809  (52.73,6.74)  found 10  new 10  kept 5  total 2430
  tile 1849/2809  (52.73,6.81)  found 1  new 1  kept 1  total 2431
  tile 1850/2809  (52.73,6.88)  found 1  new 1  kept 1  total 2432
  tile 1851/2809  (52.73,6.96)  found 4  new 4  kept 4  total 2436
  tile 1852/2809  (52.73,7.03)  found 0  new 0  kept 0  total 2436
  tile 1853/2809  (52.73,7.10)  found 0  new 0  kept 0  total 2436
  tile 1854/2809  (52.73,7.17)  found 0  new 0  kept 0  total 2436
  tile 1855/2809  (52.73,7.24)  found 0  new 0  kept 0  total 2436
  tile 1856/2809  (52.77,3.50)  found 0  new 0  kept 0  total 2436
  tile 1857/2809  (52.77,3.57)  found 0  new 0  kept 0  total 2436
  tile 1858/2809  (52.77,3.64)  found 0  new 0  kept 0  total 2436
  tile 1859/2809  (52.77,3.72)  found 0  new 0  kept 0  total 2436
  tile 1860/2809  (52.77,3.79)  found 0  new 0  kept 0  total 2436
  tile 1861/2809  (52.77,3.86)  found 0  new 0  kept 0  total 2436
  tile 1862/2809  (52.77,3.93)  found 0  new 0  kept 0  total 2436
  tile 1863/2809  (52.77,4.00)  found 0  new 0  kept 0  total 2436
  tile 1864/2809  (52.77,4.08)  found 0  new 0  kept 0  total 2436
  tile 1865/2809  (52.77,4.15)  found 0  new 0  kept 0  total 2436
  tile 1866/2809  (52.77,4.22)  found 0  new 0  kept 0  total 2436
  tile 1867/2809  (52.77,4.29)  found 0  new 0  kept 0  total 2436
  tile 1868/2809  (52.77,4.36)  found 0  new 0  kept 0  total 2436
  tile 1869/2809  (52.77,4.44)  found 0  new 0  kept 0  total 2436
  tile 1870/2809  (52.77,4.51)  found 0  new 0  kept 0  total 2436
  tile 1871/2809  (52.77,4.58)  found 0  new 0  kept 0  total 2436
  tile 1872/2809  (52.77,4.65)  found 13  new 13  kept 5  total 2441
  tile 1873/2809  (52.77,4.72)  found 5  new 5  kept 5  total 2446
  tile 1874/2809  (52.77,4.80)  found 4  new 4  kept 4  total 2450
  tile 1875/2809  (52.77,4.87)  found 4  new 4  kept 4  total 2454
  tile 1876/2809  (52.77,4.94)  found 3  new 3  kept 3  total 2457
  tile 1877/2809  (52.77,5.01)  found 3  new 3  kept 3  total 2460
  tile 1878/2809  (52.77,5.08)  found 18  new 18  kept 5  total 2465
  tile 1879/2809  (52.77,5.16)  found 0  new 0  kept 0  total 2465
  tile 1880/2809  (52.77,5.23)  found 0  new 0  kept 0  total 2465
  tile 1881/2809  (52.77,5.30)  found 0  new 0  kept 0  total 2465
  tile 1882/2809  (52.77,5.37)  found 0  new 0  kept 0  total 2465
  tile 1883/2809  (52.77,5.44)  found 0  new 0  kept 0  total 2465
  tile 1884/2809  (52.77,5.52)  found 0  new 0  kept 0  total 2465
  tile 1885/2809  (52.77,5.59)  found 0  new 0  kept 0  total 2465
  tile 1886/2809  (52.77,5.66)  found 0  new 0  kept 0  total 2465
  tile 1887/2809  (52.77,5.73)  found 0  new 0  kept 0  total 2465
  tile 1888/2809  (52.77,5.80)  found 0  new 0  kept 0  total 2465
  tile 1889/2809  (52.77,5.88)  found 0  new 0  kept 0  total 2465
  tile 1890/2809  (52.77,5.95)  found 2  new 2  kept 2  total 2467
  tile 1891/2809  (52.77,6.02)  found 0  new 0  kept 0  total 2467
  tile 1892/2809  (52.77,6.09)  found 0  new 0  kept 0  total 2467
  tile 1893/2809  (52.77,6.16)  found 20  new 20  kept 5  total 2472
  tile 1894/2809  (52.77,6.24)  found 0  new 0  kept 0  total 2472
  tile 1895/2809  (52.77,6.31)  found 0  new 0  kept 0  total 2472
  tile 1896/2809  (52.77,6.38)  found 0  new 0  kept 0  total 2472
  tile 1897/2809  (52.77,6.45)  found 0  new 0  kept 0  total 2472
  tile 1898/2809  (52.77,6.52)  found 1  new 1  kept 1  total 2473
  tile 1899/2809  (52.77,6.60)  found 0  new 0  kept 0  total 2473
  tile 1900/2809  (52.77,6.67)  found 0  new 0  kept 0  total 2473
  tile 1901/2809  (52.77,6.74)  found 0  new 0  kept 0  total 2473
  tile 1902/2809  (52.77,6.81)  found 0  new 0  kept 0  total 2473
  tile 1903/2809  (52.77,6.88)  found 1  new 1  kept 1  total 2474
  tile 1904/2809  (52.77,6.96)  found 1  new 1  kept 1  total 2475
  tile 1905/2809  (52.77,7.03)  found 0  new 0  kept 0  total 2475
  tile 1906/2809  (52.77,7.10)  found 0  new 0  kept 0  total 2475
  tile 1907/2809  (52.77,7.17)  found 0  new 0  kept 0  total 2475
  tile 1908/2809  (52.77,7.24)  found 0  new 0  kept 0  total 2475
  tile 1909/2809  (52.82,3.50)  found 0  new 0  kept 0  total 2475
  tile 1910/2809  (52.82,3.57)  found 0  new 0  kept 0  total 2475
  tile 1911/2809  (52.82,3.64)  found 0  new 0  kept 0  total 2475
  tile 1912/2809  (52.82,3.72)  found 0  new 0  kept 0  total 2475
  tile 1913/2809  (52.82,3.79)  found 0  new 0  kept 0  total 2475
  tile 1914/2809  (52.82,3.86)  found 0  new 0  kept 0  total 2475
  tile 1915/2809  (52.82,3.93)  found 0  new 0  kept 0  total 2475
  tile 1916/2809  (52.82,4.00)  found 0  new 0  kept 0  total 2475
  tile 1917/2809  (52.82,4.08)  found 0  new 0  kept 0  total 2475
  tile 1918/2809  (52.82,4.15)  found 0  new 0  kept 0  total 2475
  tile 1919/2809  (52.82,4.22)  found 0  new 0  kept 0  total 2475
  tile 1920/2809  (52.82,4.29)  found 0  new 0  kept 0  total 2475
  tile 1921/2809  (52.82,4.36)  found 0  new 0  kept 0  total 2475
  tile 1922/2809  (52.82,4.44)  found 0  new 0  kept 0  total 2475
  tile 1923/2809  (52.82,4.51)  found 0  new 0  kept 0  total 2475
  tile 1924/2809  (52.82,4.58)  found 0  new 0  kept 0  total 2475
  tile 1925/2809  (52.82,4.65)  found 0  new 0  kept 0  total 2475
  tile 1926/2809  (52.82,4.72)  found 0  new 0  kept 0  total 2475
  tile 1927/2809  (52.82,4.80)  found 0  new 0  kept 0  total 2475
  tile 1928/2809  (52.82,4.87)  found 0  new 0  kept 0  total 2475
  tile 1929/2809  (52.82,4.94)  found 0  new 0  kept 0  total 2475
  tile 1930/2809  (52.82,5.01)  found 5  new 5  kept 5  total 2480
  tile 1931/2809  (52.82,5.08)  found 0  new 0  kept 0  total 2480
  tile 1932/2809  (52.82,5.16)  found 0  new 0  kept 0  total 2480
  tile 1933/2809  (52.82,5.23)  found 0  new 0  kept 0  total 2480
  tile 1934/2809  (52.82,5.30)  found 0  new 0  kept 0  total 2480
  tile 1935/2809  (52.82,5.37)  found 0  new 0  kept 0  total 2480
  tile 1936/2809  (52.82,5.44)  found 0  new 0  kept 0  total 2480
  tile 1937/2809  (52.82,5.52)  found 0  new 0  kept 0  total 2480
  tile 1938/2809  (52.82,5.59)  found 0  new 0  kept 0  total 2480
  tile 1939/2809  (52.82,5.66)  found 4  new 4  kept 4  total 2484
  tile 1940/2809  (52.82,5.73)  found 5  new 5  kept 5  total 2489
  tile 1941/2809  (52.82,5.80)  found 0  new 0  kept 0  total 2489
  tile 1942/2809  (52.82,5.88)  found 0  new 0  kept 0  total 2489
  tile 1943/2809  (52.82,5.95)  found 0  new 0  kept 0  total 2489
  tile 1944/2809  (52.82,6.02)  found 0  new 0  kept 0  total 2489
  tile 1945/2809  (52.82,6.09)  found 0  new 0  kept 0  total 2489
  tile 1946/2809  (52.82,6.16)  found 0  new 0  kept 0  total 2489
  tile 1947/2809  (52.82,6.24)  found 0  new 0  kept 0  total 2489
  tile 1948/2809  (52.82,6.31)  found 6  new 6  kept 5  total 2494
  tile 1949/2809  (52.82,6.38)  found 0  new 0  kept 0  total 2494
  tile 1950/2809  (52.82,6.45)  found 0  new 0  kept 0  total 2494
  tile 1951/2809  (52.82,6.52)  found 0  new 0  kept 0  total 2494
  tile 1952/2809  (52.82,6.60)  found 0  new 0  kept 0  total 2494
  tile 1953/2809  (52.82,6.67)  found 0  new 0  kept 0  total 2494
  tile 1954/2809  (52.82,6.74)  found 0  new 0  kept 0  total 2494
  tile 1955/2809  (52.82,6.81)  found 0  new 0  kept 0  total 2494
  tile 1956/2809  (52.82,6.88)  found 0  new 0  kept 0  total 2494
  tile 1957/2809  (52.82,6.96)  found 0  new 0  kept 0  total 2494
  tile 1958/2809  (52.82,7.03)  found 1  new 1  kept 1  total 2495
  tile 1959/2809  (52.82,7.10)  found 0  new 0  kept 0  total 2495
  tile 1960/2809  (52.82,7.17)  found 0  new 0  kept 0  total 2495
  tile 1961/2809  (52.82,7.24)  found 0  new 0  kept 0  total 2495
  tile 1962/2809  (52.87,3.50)  found 0  new 0  kept 0  total 2495
  tile 1963/2809  (52.87,3.57)  found 0  new 0  kept 0  total 2495
  tile 1964/2809  (52.87,3.64)  found 0  new 0  kept 0  total 2495
  tile 1965/2809  (52.87,3.72)  found 0  new 0  kept 0  total 2495
  tile 1966/2809  (52.87,3.79)  found 0  new 0  kept 0  total 2495
  tile 1967/2809  (52.87,3.86)  found 0  new 0  kept 0  total 2495
  tile 1968/2809  (52.87,3.93)  found 0  new 0  kept 0  total 2495
  tile 1969/2809  (52.87,4.00)  found 0  new 0  kept 0  total 2495
  tile 1970/2809  (52.87,4.08)  found 0  new 0  kept 0  total 2495
  tile 1971/2809  (52.87,4.15)  found 0  new 0  kept 0  total 2495
  tile 1972/2809  (52.87,4.22)  found 0  new 0  kept 0  total 2495
  tile 1973/2809  (52.87,4.29)  found 0  new 0  kept 0  total 2495
  tile 1974/2809  (52.87,4.36)  found 0  new 0  kept 0  total 2495
  tile 1975/2809  (52.87,4.44)  found 0  new 0  kept 0  total 2495
  tile 1976/2809  (52.87,4.51)  found 0  new 0  kept 0  total 2495
  tile 1977/2809  (52.87,4.58)  found 0  new 0  kept 0  total 2495
  tile 1978/2809  (52.87,4.65)  found 0  new 0  kept 0  total 2495
  tile 1979/2809  (52.87,4.72)  found 2  new 2  kept 2  total 2497
  tile 1980/2809  (52.87,4.80)  found 1  new 1  kept 1  total 2498
  tile 1981/2809  (52.87,4.87)  found 1  new 1  kept 1  total 2499
  tile 1982/2809  (52.87,4.94)  found 0  new 0  kept 0  total 2499
  tile 1983/2809  (52.87,5.01)  found 0  new 0  kept 0  total 2499
  tile 1984/2809  (52.87,5.08)  found 1  new 1  kept 1  total 2500
  tile 1985/2809  (52.87,5.16)  found 0  new 0  kept 0  total 2500
  tile 1986/2809  (52.87,5.23)  found 0  new 0  kept 0  total 2500
  tile 1987/2809  (52.87,5.30)  found 0  new 0  kept 0  total 2500
  tile 1988/2809  (52.87,5.37)  found 12  new 12  kept 5  total 2505
  tile 1989/2809  (52.87,5.44)  found 1  new 1  kept 1  total 2506
  tile 1990/2809  (52.87,5.52)  found 1  new 1  kept 1  total 2507
  tile 1991/2809  (52.87,5.59)  found 1  new 1  kept 1  total 2508
  tile 1992/2809  (52.87,5.66)  found 11  new 11  kept 5  total 2513
  tile 1993/2809  (52.87,5.73)  found 12  new 12  kept 5  total 2518
  tile 1994/2809  (52.87,5.80)  found 0  new 0  kept 0  total 2518
  tile 1995/2809  (52.87,5.88)  found 0  new 0  kept 0  total 2518
  tile 1996/2809  (52.87,5.95)  found 0  new 0  kept 0  total 2518
  tile 1997/2809  (52.87,6.02)  found 14  new 14  kept 5  total 2523
  tile 1998/2809  (52.87,6.09)  found 0  new 0  kept 0  total 2523
  tile 1999/2809  (52.87,6.16)  found 0  new 0  kept 0  total 2523
  tile 2000/2809  (52.87,6.24)  found 1  new 1  kept 1  total 2524
  tile 2001/2809  (52.87,6.31)  found 0  new 0  kept 0  total 2524
  tile 2002/2809  (52.87,6.38)  found 0  new 0  kept 0  total 2524
  tile 2003/2809  (52.87,6.45)  found 0  new 0  kept 0  total 2524
  tile 2004/2809  (52.87,6.52)  found 11  new 11  kept 5  total 2529
  tile 2005/2809  (52.87,6.60)  found 0  new 0  kept 0  total 2529
  tile 2006/2809  (52.87,6.67)  found 0  new 0  kept 0  total 2529
  tile 2007/2809  (52.87,6.74)  found 0  new 0  kept 0  total 2529
  tile 2008/2809  (52.87,6.81)  found 0  new 0  kept 0  total 2529
  tile 2009/2809  (52.87,6.88)  found 0  new 0  kept 0  total 2529
  tile 2010/2809  (52.87,6.96)  found 0  new 0  kept 0  total 2529
  tile 2011/2809  (52.87,7.03)  found 0  new 0  kept 0  total 2529
  tile 2012/2809  (52.87,7.10)  found 0  new 0  kept 0  total 2529
  tile 2013/2809  (52.87,7.17)  found 0  new 0  kept 0  total 2529
  tile 2014/2809  (52.87,7.24)  found 0  new 0  kept 0  total 2529
  tile 2015/2809  (52.91,3.50)  found 0  new 0  kept 0  total 2529
  tile 2016/2809  (52.91,3.57)  found 0  new 0  kept 0  total 2529
  tile 2017/2809  (52.91,3.64)  found 0  new 0  kept 0  total 2529
  tile 2018/2809  (52.91,3.72)  found 0  new 0  kept 0  total 2529
  tile 2019/2809  (52.91,3.79)  found 0  new 0  kept 0  total 2529
  tile 2020/2809  (52.91,3.86)  found 0  new 0  kept 0  total 2529
  tile 2021/2809  (52.91,3.93)  found 0  new 0  kept 0  total 2529
  tile 2022/2809  (52.91,4.00)  found 0  new 0  kept 0  total 2529
  tile 2023/2809  (52.91,4.08)  found 0  new 0  kept 0  total 2529
  tile 2024/2809  (52.91,4.15)  found 0  new 0  kept 0  total 2529
  tile 2025/2809  (52.91,4.22)  found 0  new 0  kept 0  total 2529
  tile 2026/2809  (52.91,4.29)  found 0  new 0  kept 0  total 2529
  tile 2027/2809  (52.91,4.36)  found 0  new 0  kept 0  total 2529
  tile 2028/2809  (52.91,4.44)  found 0  new 0  kept 0  total 2529
  tile 2029/2809  (52.91,4.51)  found 0  new 0  kept 0  total 2529
  tile 2030/2809  (52.91,4.58)  found 0  new 0  kept 0  total 2529
  tile 2031/2809  (52.91,4.65)  found 0  new 0  kept 0  total 2529
  tile 2032/2809  (52.91,4.72)  found 4  new 4  kept 4  total 2533
  tile 2033/2809  (52.91,4.80)  found 125  new 125  kept 5  total 2538
  tile 2034/2809  (52.91,4.87)  found 0  new 0  kept 0  total 2538
  tile 2035/2809  (52.91,4.94)  found 7  new 7  kept 5  total 2543
  tile 2036/2809  (52.91,5.01)  found 9  new 9  kept 5  total 2548
  tile 2037/2809  (52.91,5.08)  found 0  new 0  kept 0  total 2548
  tile 2038/2809  (52.91,5.16)  found 0  new 0  kept 0  total 2548
  tile 2039/2809  (52.91,5.23)  found 3  new 3  kept 3  total 2551
  tile 2040/2809  (52.91,5.30)  found 0  new 0  kept 0  total 2551
  tile 2041/2809  (52.91,5.37)  found 0  new 0  kept 0  total 2551
  tile 2042/2809  (52.91,5.44)  found 4  new 4  kept 4  total 2555
  tile 2043/2809  (52.91,5.52)  found 1  new 1  kept 1  total 2556
  tile 2044/2809  (52.91,5.59)  found 3  new 3  kept 3  total 2559
  tile 2045/2809  (52.91,5.66)  found 1  new 1  kept 1  total 2560
  tile 2046/2809  (52.91,5.73)  found 1  new 1  kept 1  total 2561
  tile 2047/2809  (52.91,5.80)  found 2  new 2  kept 2  total 2563
  tile 2048/2809  (52.91,5.88)  found 0  new 0  kept 0  total 2563
  tile 2049/2809  (52.91,5.95)  found 0  new 0  kept 0  total 2563
  tile 2050/2809  (52.91,6.02)  found 0  new 0  kept 0  total 2563
  tile 2051/2809  (52.91,6.09)  found 3  new 3  kept 3  total 2566
  tile 2052/2809  (52.91,6.16)  found 0  new 0  kept 0  total 2566
  tile 2053/2809  (52.91,6.24)  found 0  new 0  kept 0  total 2566
  tile 2054/2809  (52.91,6.31)  found 0  new 0  kept 0  total 2566
  tile 2055/2809  (52.91,6.38)  found 0  new 0  kept 0  total 2566
  tile 2056/2809  (52.91,6.45)  found 0  new 0  kept 0  total 2566
  tile 2057/2809  (52.91,6.52)  found 0  new 0  kept 0  total 2566
  tile 2058/2809  (52.91,6.60)  found 0  new 0  kept 0  total 2566
  tile 2059/2809  (52.91,6.67)  found 0  new 0  kept 0  total 2566
  tile 2060/2809  (52.91,6.74)  found 0  new 0  kept 0  total 2566
  tile 2061/2809  (52.91,6.81)  found 0  new 0  kept 0  total 2566
  tile 2062/2809  (52.91,6.88)  found 0  new 0  kept 0  total 2566
  tile 2063/2809  (52.91,6.96)  found 0  new 0  kept 0  total 2566
  tile 2064/2809  (52.91,7.03)  found 0  new 0  kept 0  total 2566
  tile 2065/2809  (52.91,7.10)  found 0  new 0  kept 0  total 2566
  tile 2066/2809  (52.91,7.17)  found 0  new 0  kept 0  total 2566
  tile 2067/2809  (52.91,7.24)  found 0  new 0  kept 0  total 2566
  tile 2068/2809  (52.95,3.50)  found 0  new 0  kept 0  total 2566
  tile 2069/2809  (52.95,3.57)  found 0  new 0  kept 0  total 2566
  tile 2070/2809  (52.95,3.64)  found 0  new 0  kept 0  total 2566
  tile 2071/2809  (52.95,3.72)  found 0  new 0  kept 0  total 2566
  tile 2072/2809  (52.95,3.79)  found 1  new 1  kept 1  total 2567
  tile 2073/2809  (52.95,3.86)  found 0  new 0  kept 0  total 2567
  tile 2074/2809  (52.95,3.93)  found 0  new 0  kept 0  total 2567
  tile 2075/2809  (52.95,4.00)  found 0  new 0  kept 0  total 2567
  tile 2076/2809  (52.95,4.08)  found 0  new 0  kept 0  total 2567
  tile 2077/2809  (52.95,4.15)  found 0  new 0  kept 0  total 2567
  tile 2078/2809  (52.95,4.22)  found 0  new 0  kept 0  total 2567
  tile 2079/2809  (52.95,4.29)  found 0  new 0  kept 0  total 2567
  tile 2080/2809  (52.95,4.36)  found 0  new 0  kept 0  total 2567
  tile 2081/2809  (52.95,4.44)  found 0  new 0  kept 0  total 2567
  tile 2082/2809  (52.95,4.51)  found 0  new 0  kept 0  total 2567
  tile 2083/2809  (52.95,4.58)  found 0  new 0  kept 0  total 2567
  tile 2084/2809  (52.95,4.65)  found 0  new 0  kept 0  total 2567
  tile 2085/2809  (52.95,4.72)  found 48  new 48  kept 5  total 2572
  tile 2086/2809  (52.95,4.80)  found 122  new 122  kept 5  total 2577
  tile 2087/2809  (52.95,4.87)  found 0  new 0  kept 0  total 2577
  tile 2088/2809  (52.95,4.94)  found 0  new 0  kept 0  total 2577
  tile 2089/2809  (52.95,5.01)  found 0  new 0  kept 0  total 2577
  tile 2090/2809  (52.95,5.08)  found 14  new 14  kept 5  total 2582
  tile 2091/2809  (52.95,5.16)  found 0  new 0  kept 0  total 2582
  tile 2092/2809  (52.95,5.23)  found 0  new 0  kept 0  total 2582
  tile 2093/2809  (52.95,5.30)  found 0  new 0  kept 0  total 2582
  tile 2094/2809  (52.95,5.37)  found 0  new 0  kept 0  total 2582
  tile 2095/2809  (52.95,5.44)  found 4  new 4  kept 4  total 2586
  tile 2096/2809  (52.95,5.52)  found 0  new 0  kept 0  total 2586
  tile 2097/2809  (52.95,5.59)  found 0  new 0  kept 0  total 2586
  tile 2098/2809  (52.95,5.66)  found 0  new 0  kept 0  total 2586
  tile 2099/2809  (52.95,5.73)  found 6  new 6  kept 5  total 2591
  tile 2100/2809  (52.95,5.80)  found 92  new 92  kept 5  total 2596
  tile 2101/2809  (52.95,5.88)  found 0  new 0  kept 0  total 2596
  tile 2102/2809  (52.95,5.95)  found 112  new 112  kept 5  total 2601
  tile 2103/2809  (52.95,6.02)  found 3  new 3  kept 3  total 2604
  tile 2104/2809  (52.95,6.09)  found 0  new 0  kept 0  total 2604
  tile 2105/2809  (52.95,6.16)  found 0  new 0  kept 0  total 2604
  tile 2106/2809  (52.95,6.24)  found 0  new 0  kept 0  total 2604
  tile 2107/2809  (52.95,6.31)  found 0  new 0  kept 0  total 2604
  tile 2108/2809  (52.95,6.38)  found 0  new 0  kept 0  total 2604
  tile 2109/2809  (52.95,6.45)  found 2  new 2  kept 2  total 2606
  tile 2110/2809  (52.95,6.52)  found 0  new 0  kept 0  total 2606
  tile 2111/2809  (52.95,6.60)  found 0  new 0  kept 0  total 2606
  tile 2112/2809  (52.95,6.67)  found 0  new 0  kept 0  total 2606
  tile 2113/2809  (52.95,6.74)  found 9  new 9  kept 5  total 2611
  tile 2114/2809  (52.95,6.81)  found 9  new 9  kept 5  total 2616
  tile 2115/2809  (52.95,6.88)  found 0  new 0  kept 0  total 2616
  tile 2116/2809  (52.95,6.96)  found 0  new 0  kept 0  total 2616
  tile 2117/2809  (52.95,7.03)  found 0  new 0  kept 0  total 2616
  tile 2118/2809  (52.95,7.10)  found 0  new 0  kept 0  total 2616
  tile 2119/2809  (52.95,7.17)  found 0  new 0  kept 0  total 2616
  tile 2120/2809  (52.95,7.24)  found 0  new 0  kept 0  total 2616
  tile 2121/2809  (53.00,3.50)  found 0  new 0  kept 0  total 2616
  tile 2122/2809  (53.00,3.57)  found 0  new 0  kept 0  total 2616
  tile 2123/2809  (53.00,3.64)  found 0  new 0  kept 0  total 2616
  tile 2124/2809  (53.00,3.72)  found 0  new 0  kept 0  total 2616
  tile 2125/2809  (53.00,3.79)  found 1  new 1  kept 1  total 2617
  tile 2126/2809  (53.00,3.86)  found 1  new 1  kept 1  total 2618
  tile 2127/2809  (53.00,3.93)  found 0  new 0  kept 0  total 2618
  tile 2128/2809  (53.00,4.00)  found 0  new 0  kept 0  total 2618
  tile 2129/2809  (53.00,4.08)  found 0  new 0  kept 0  total 2618
  tile 2130/2809  (53.00,4.15)  found 0  new 0  kept 0  total 2618
  tile 2131/2809  (53.00,4.22)  found 0  new 0  kept 0  total 2618
  tile 2132/2809  (53.00,4.29)  found 0  new 0  kept 0  total 2618
  tile 2133/2809  (53.00,4.36)  found 0  new 0  kept 0  total 2618
  tile 2134/2809  (53.00,4.44)  found 0  new 0  kept 0  total 2618
  tile 2135/2809  (53.00,4.51)  found 0  new 0  kept 0  total 2618
  tile 2136/2809  (53.00,4.58)  found 0  new 0  kept 0  total 2618
  tile 2137/2809  (53.00,4.65)  found 0  new 0  kept 0  total 2618
  tile 2138/2809  (53.00,4.72)  found 0  new 0  kept 0  total 2618
  tile 2139/2809  (53.00,4.80)  found 35  new 35  kept 5  total 2623
  tile 2140/2809  (53.00,4.87)  found 0  new 0  kept 0  total 2623
  tile 2141/2809  (53.00,4.94)  found 0  new 0  kept 0  total 2623
  tile 2142/2809  (53.00,5.01)  found 0  new 0  kept 0  total 2623
  tile 2143/2809  (53.00,5.08)  found 0  new 0  kept 0  total 2623
  tile 2144/2809  (53.00,5.16)  found 11  new 11  kept 5  total 2628
  tile 2145/2809  (53.00,5.23)  found 0  new 0  kept 0  total 2628
  tile 2146/2809  (53.00,5.30)  found 0  new 0  kept 0  total 2628
  tile 2147/2809  (53.00,5.37)  found 1  new 1  kept 1  total 2629
  tile 2148/2809  (53.00,5.44)  found 0  new 0  kept 0  total 2629
  tile 2149/2809  (53.00,5.52)  found 10  new 10  kept 5  total 2634
  tile 2150/2809  (53.00,5.59)  found 11  new 11  kept 5  total 2639
  tile 2151/2809  (53.00,5.66)  found 0  new 0  kept 0  total 2639
  tile 2152/2809  (53.00,5.73)  found 8  new 8  kept 5  total 2644
  tile 2153/2809  (53.00,5.80)  found 0  new 0  kept 0  total 2644
  tile 2154/2809  (53.00,5.88)  found 39  new 39  kept 5  total 2649
  tile 2155/2809  (53.00,5.95)  found 5  new 5  kept 5  total 2654
  tile 2156/2809  (53.00,6.02)  found 0  new 0  kept 0  total 2654
  tile 2157/2809  (53.00,6.09)  found 0  new 0  kept 0  total 2654
  tile 2158/2809  (53.00,6.16)  found 0  new 0  kept 0  total 2654
  tile 2159/2809  (53.00,6.24)  found 0  new 0  kept 0  total 2654
  tile 2160/2809  (53.00,6.31)  found 2  new 2  kept 2  total 2656
  tile 2161/2809  (53.00,6.38)  found 0  new 0  kept 0  total 2656
  tile 2162/2809  (53.00,6.45)  found 0  new 0  kept 0  total 2656
  tile 2163/2809  (53.00,6.52)  found 276  new 276  kept 5  total 2661
  tile 2164/2809  (53.00,6.60)  found 1  new 1  kept 1  total 2662
  tile 2165/2809  (53.00,6.67)  found 0  new 0  kept 0  total 2662
  tile 2166/2809  (53.00,6.74)  found 0  new 0  kept 0  total 2662
  tile 2167/2809  (53.00,6.81)  found 0  new 0  kept 0  total 2662
  tile 2168/2809  (53.00,6.88)  found 0  new 0  kept 0  total 2662
  tile 2169/2809  (53.00,6.96)  found 2  new 2  kept 2  total 2664
  tile 2170/2809  (53.00,7.03)  found 1  new 1  kept 1  total 2665
  tile 2171/2809  (53.00,7.10)  found 4  new 4  kept 4  total 2669
  tile 2172/2809  (53.00,7.17)  found 0  new 0  kept 0  total 2669
  tile 2173/2809  (53.00,7.24)  found 0  new 0  kept 0  total 2669
  tile 2174/2809  (53.05,3.50)  found 0  new 0  kept 0  total 2669
  tile 2175/2809  (53.05,3.57)  found 0  new 0  kept 0  total 2669
  tile 2176/2809  (53.05,3.64)  found 1  new 1  kept 1  total 2670
  tile 2177/2809  (53.05,3.72)  found 1  new 1  kept 1  total 2671
  tile 2178/2809  (53.05,3.79)  found 1  new 1  kept 1  total 2672
  tile 2179/2809  (53.05,3.86)  found 0  new 0  kept 0  total 2672
  tile 2180/2809  (53.05,3.93)  found 0  new 0  kept 0  total 2672
  tile 2181/2809  (53.05,4.00)  found 0  new 0  kept 0  total 2672
  tile 2182/2809  (53.05,4.08)  found 0  new 0  kept 0  total 2672
  tile 2183/2809  (53.05,4.15)  found 0  new 0  kept 0  total 2672
  tile 2184/2809  (53.05,4.22)  found 0  new 0  kept 0  total 2672
  tile 2185/2809  (53.05,4.29)  found 0  new 0  kept 0  total 2672
  tile 2186/2809  (53.05,4.36)  found 0  new 0  kept 0  total 2672
  tile 2187/2809  (53.05,4.44)  found 0  new 0  kept 0  total 2672
  tile 2188/2809  (53.05,4.51)  found 0  new 0  kept 0  total 2672
  tile 2189/2809  (53.05,4.58)  found 0  new 0  kept 0  total 2672
  tile 2190/2809  (53.05,4.65)  found 0  new 0  kept 0  total 2672
  tile 2191/2809  (53.05,4.72)  found 0  new 0  kept 0  total 2672
  tile 2192/2809  (53.05,4.80)  found 5  new 5  kept 5  total 2677
  tile 2193/2809  (53.05,4.87)  found 81  new 81  kept 5  total 2682
  tile 2194/2809  (53.05,4.94)  found 0  new 0  kept 0  total 2682
  tile 2195/2809  (53.05,5.01)  found 0  new 0  kept 0  total 2682
  tile 2196/2809  (53.05,5.08)  found 0  new 0  kept 0  total 2682
  tile 2197/2809  (53.05,5.16)  found 0  new 0  kept 0  total 2682
  tile 2198/2809  (53.05,5.23)  found 0  new 0  kept 0  total 2682
  tile 2199/2809  (53.05,5.30)  found 0  new 0  kept 0  total 2682
  tile 2200/2809  (53.05,5.37)  found 26  new 26  kept 5  total 2687
  tile 2201/2809  (53.05,5.44)  found 1  new 1  kept 1  total 2688
  tile 2202/2809  (53.05,5.52)  found 0  new 0  kept 0  total 2688
  tile 2203/2809  (53.05,5.59)  found 6  new 6  kept 5  total 2693
  tile 2204/2809  (53.05,5.66)  found 32  new 32  kept 5  total 2698
  tile 2205/2809  (53.05,5.73)  found 4  new 4  kept 4  total 2702
  tile 2206/2809  (53.05,5.80)  found 5  new 5  kept 5  total 2707
  tile 2207/2809  (53.05,5.88)  found 0  new 0  kept 0  total 2707
  tile 2208/2809  (53.05,5.95)  found 0  new 0  kept 0  total 2707
  tile 2209/2809  (53.05,6.02)  found 0  new 0  kept 0  total 2707
  tile 2210/2809  (53.05,6.09)  found 0  new 0  kept 0  total 2707
  tile 2211/2809  (53.05,6.16)  found 0  new 0  kept 0  total 2707
  tile 2212/2809  (53.05,6.24)  found 0  new 0  kept 0  total 2707
  tile 2213/2809  (53.05,6.31)  found 1  new 1  kept 1  total 2708
  tile 2214/2809  (53.05,6.38)  found 0  new 0  kept 0  total 2708
  tile 2215/2809  (53.05,6.45)  found 0  new 0  kept 0  total 2708
  tile 2216/2809  (53.05,6.52)  found 0  new 0  kept 0  total 2708
  tile 2217/2809  (53.05,6.60)  found 6  new 6  kept 5  total 2713
  tile 2218/2809  (53.05,6.67)  found 20  new 20  kept 5  total 2718
  tile 2219/2809  (53.05,6.74)  found 0  new 0  kept 0  total 2718
  tile 2220/2809  (53.05,6.81)  found 11  new 11  kept 5  total 2723
  tile 2221/2809  (53.05,6.88)  found 0  new 0  kept 0  total 2723
  tile 2222/2809  (53.05,6.96)  found 0  new 0  kept 0  total 2723
  tile 2223/2809  (53.05,7.03)  found 0  new 0  kept 0  total 2723
  tile 2224/2809  (53.05,7.10)  found 0  new 0  kept 0  total 2723
  tile 2225/2809  (53.05,7.17)  found 0  new 0  kept 0  total 2723
  tile 2226/2809  (53.05,7.24)  found 0  new 0  kept 0  total 2723
  tile 2227/2809  (53.09,3.50)  found 0  new 0  kept 0  total 2723
  tile 2228/2809  (53.09,3.57)  found 0  new 0  kept 0  total 2723
  tile 2229/2809  (53.09,3.64)  found 1  new 1  kept 1  total 2724
  tile 2230/2809  (53.09,3.72)  found 0  new 0  kept 0  total 2724
  tile 2231/2809  (53.09,3.79)  found 0  new 0  kept 0  total 2724
  tile 2232/2809  (53.09,3.86)  found 0  new 0  kept 0  total 2724
  tile 2233/2809  (53.09,3.93)  found 0  new 0  kept 0  total 2724
  tile 2234/2809  (53.09,4.00)  found 0  new 0  kept 0  total 2724
  tile 2235/2809  (53.09,4.08)  found 0  new 0  kept 0  total 2724
  tile 2236/2809  (53.09,4.15)  found 0  new 0  kept 0  total 2724
  tile 2237/2809  (53.09,4.22)  found 0  new 0  kept 0  total 2724
  tile 2238/2809  (53.09,4.29)  found 0  new 0  kept 0  total 2724
  tile 2239/2809  (53.09,4.36)  found 0  new 0  kept 0  total 2724
  tile 2240/2809  (53.09,4.44)  found 0  new 0  kept 0  total 2724
  tile 2241/2809  (53.09,4.51)  found 0  new 0  kept 0  total 2724
  tile 2242/2809  (53.09,4.58)  found 0  new 0  kept 0  total 2724
  tile 2243/2809  (53.09,4.65)  found 0  new 0  kept 0  total 2724
  tile 2244/2809  (53.09,4.72)  found 0  new 0  kept 0  total 2724
  tile 2245/2809  (53.09,4.80)  found 0  new 0  kept 0  total 2724
  tile 2246/2809  (53.09,4.87)  found 4  new 4  kept 4  total 2728
  tile 2247/2809  (53.09,4.94)  found 0  new 0  kept 0  total 2728
  tile 2248/2809  (53.09,5.01)  found 0  new 0  kept 0  total 2728
  tile 2249/2809  (53.09,5.08)  found 0  new 0  kept 0  total 2728
  tile 2250/2809  (53.09,5.16)  found 0  new 0  kept 0  total 2728
  tile 2251/2809  (53.09,5.23)  found 0  new 0  kept 0  total 2728
  tile 2252/2809  (53.09,5.30)  found 0  new 0  kept 0  total 2728
  tile 2253/2809  (53.09,5.37)  found 16  new 16  kept 5  total 2733
  tile 2254/2809  (53.09,5.44)  found 3  new 3  kept 3  total 2736
  tile 2255/2809  (53.09,5.52)  found 4  new 4  kept 4  total 2740
  tile 2256/2809  (53.09,5.59)  found 0  new 0  kept 0  total 2740
  tile 2257/2809  (53.09,5.66)  found 0  new 0  kept 0  total 2740
  tile 2258/2809  (53.09,5.73)  found 0  new 0  kept 0  total 2740
  tile 2259/2809  (53.09,5.80)  found 11  new 11  kept 5  total 2745
  tile 2260/2809  (53.09,5.88)  found 6  new 6  kept 5  total 2750
  tile 2261/2809  (53.09,5.95)  found 0  new 0  kept 0  total 2750
  tile 2262/2809  (53.09,6.02)  found 0  new 0  kept 0  total 2750
  tile 2263/2809  (53.09,6.09)  found 0  new 0  kept 0  total 2750
  tile 2264/2809  (53.09,6.16)  found 0  new 0  kept 0  total 2750
  tile 2265/2809  (53.09,6.24)  found 0  new 0  kept 0  total 2750
  tile 2266/2809  (53.09,6.31)  found 0  new 0  kept 0  total 2750
  tile 2267/2809  (53.09,6.38)  found 0  new 0  kept 0  total 2750
  tile 2268/2809  (53.09,6.45)  found 0  new 0  kept 0  total 2750
  tile 2269/2809  (53.09,6.52)  found 0  new 0  kept 0  total 2750
  tile 2270/2809  (53.09,6.60)  found 10  new 10  kept 5  total 2755
  tile 2271/2809  (53.09,6.67)  found 0  new 0  kept 0  total 2755
  tile 2272/2809  (53.09,6.74)  found 0  new 0  kept 0  total 2755
  tile 2273/2809  (53.09,6.81)  found 1  new 1  kept 1  total 2756
  tile 2274/2809  (53.09,6.88)  found 40  new 40  kept 5  total 2761
  tile 2275/2809  (53.09,6.96)  found 0  new 0  kept 0  total 2761
  tile 2276/2809  (53.09,7.03)  found 0  new 0  kept 0  total 2761
  tile 2277/2809  (53.09,7.10)  found 1  new 1  kept 1  total 2762
  tile 2278/2809  (53.09,7.17)  found 9  new 9  kept 5  total 2767
  tile 2279/2809  (53.09,7.24)  found 0  new 0  kept 0  total 2767
  tile 2280/2809  (53.13,3.50)  found 0  new 0  kept 0  total 2767
  tile 2281/2809  (53.13,3.57)  found 0  new 0  kept 0  total 2767
  tile 2282/2809  (53.13,3.64)  found 0  new 0  kept 0  total 2767
  tile 2283/2809  (53.13,3.72)  found 0  new 0  kept 0  total 2767
  tile 2284/2809  (53.13,3.79)  found 0  new 0  kept 0  total 2767
  tile 2285/2809  (53.13,3.86)  found 0  new 0  kept 0  total 2767
  tile 2286/2809  (53.13,3.93)  found 0  new 0  kept 0  total 2767
  tile 2287/2809  (53.13,4.00)  found 0  new 0  kept 0  total 2767
  tile 2288/2809  (53.13,4.08)  found 0  new 0  kept 0  total 2767
  tile 2289/2809  (53.13,4.15)  found 0  new 0  kept 0  total 2767
  tile 2290/2809  (53.13,4.22)  found 0  new 0  kept 0  total 2767
  tile 2291/2809  (53.13,4.29)  found 0  new 0  kept 0  total 2767
  tile 2292/2809  (53.13,4.36)  found 0  new 0  kept 0  total 2767
  tile 2293/2809  (53.13,4.44)  found 0  new 0  kept 0  total 2767
  tile 2294/2809  (53.13,4.51)  found 0  new 0  kept 0  total 2767
  tile 2295/2809  (53.13,4.58)  found 0  new 0  kept 0  total 2767
  tile 2296/2809  (53.13,4.65)  found 0  new 0  kept 0  total 2767
  tile 2297/2809  (53.13,4.72)  found 0  new 0  kept 0  total 2767
  tile 2298/2809  (53.13,4.80)  found 0  new 0  kept 0  total 2767
  tile 2299/2809  (53.13,4.87)  found 1  new 1  kept 1  total 2768
  tile 2300/2809  (53.13,4.94)  found 0  new 0  kept 0  total 2768
  tile 2301/2809  (53.13,5.01)  found 0  new 0  kept 0  total 2768
  tile 2302/2809  (53.13,5.08)  found 0  new 0  kept 0  total 2768
  tile 2303/2809  (53.13,5.16)  found 0  new 0  kept 0  total 2768
  tile 2304/2809  (53.13,5.23)  found 0  new 0  kept 0  total 2768
  tile 2305/2809  (53.13,5.30)  found 0  new 0  kept 0  total 2768
  tile 2306/2809  (53.13,5.37)  found 0  new 0  kept 0  total 2768
  tile 2307/2809  (53.13,5.44)  found 3  new 3  kept 3  total 2771
  tile 2308/2809  (53.13,5.52)  found 0  new 0  kept 0  total 2771
  tile 2309/2809  (53.13,5.59)  found 1  new 1  kept 1  total 2772
  tile 2310/2809  (53.13,5.66)  found 8  new 8  kept 5  total 2777
  tile 2311/2809  (53.13,5.73)  found 2  new 2  kept 2  total 2779
  tile 2312/2809  (53.13,5.80)  found 12  new 12  kept 5  total 2784
  tile 2313/2809  (53.13,5.88)  found 18  new 18  kept 5  total 2789
  tile 2314/2809  (53.13,5.95)  found 1  new 1  kept 1  total 2790
  tile 2315/2809  (53.13,6.02)  found 2  new 2  kept 2  total 2792
  tile 2316/2809  (53.13,6.09)  found 3  new 3  kept 3  total 2795
  tile 2317/2809  (53.13,6.16)  found 0  new 0  kept 0  total 2795
  tile 2318/2809  (53.13,6.24)  found 1  new 1  kept 1  total 2796
  tile 2319/2809  (53.13,6.31)  found 0  new 0  kept 0  total 2796
  tile 2320/2809  (53.13,6.38)  found 0  new 0  kept 0  total 2796
  tile 2321/2809  (53.13,6.45)  found 1  new 1  kept 1  total 2797
  tile 2322/2809  (53.13,6.52)  found 0  new 0  kept 0  total 2797
  tile 2323/2809  (53.13,6.60)  found 19  new 19  kept 5  total 2802
  tile 2324/2809  (53.13,6.67)  found 0  new 0  kept 0  total 2802
  tile 2325/2809  (53.13,6.74)  found 0  new 0  kept 0  total 2802
  tile 2326/2809  (53.13,6.81)  found 0  new 0  kept 0  total 2802
  tile 2327/2809  (53.13,6.88)  found 46  new 46  kept 5  total 2807
  tile 2328/2809  (53.13,6.96)  found 0  new 0  kept 0  total 2807
  tile 2329/2809  (53.13,7.03)  found 13  new 13  kept 5  total 2812
  tile 2330/2809  (53.13,7.10)  found 0  new 0  kept 0  total 2812
  tile 2331/2809  (53.13,7.17)  found 3  new 3  kept 3  total 2815
  tile 2332/2809  (53.13,7.24)  found 0  new 0  kept 0  total 2815
  tile 2333/2809  (53.18,3.50)  found 0  new 0  kept 0  total 2815
  tile 2334/2809  (53.18,3.57)  found 0  new 0  kept 0  total 2815
  tile 2335/2809  (53.18,3.64)  found 0  new 0  kept 0  total 2815
  tile 2336/2809  (53.18,3.72)  found 0  new 0  kept 0  total 2815
  tile 2337/2809  (53.18,3.79)  found 0  new 0  kept 0  total 2815
  tile 2338/2809  (53.18,3.86)  found 0  new 0  kept 0  total 2815
  tile 2339/2809  (53.18,3.93)  found 0  new 0  kept 0  total 2815
  tile 2340/2809  (53.18,4.00)  found 0  new 0  kept 0  total 2815
  tile 2341/2809  (53.18,4.08)  found 0  new 0  kept 0  total 2815
  tile 2342/2809  (53.18,4.15)  found 0  new 0  kept 0  total 2815
  tile 2343/2809  (53.18,4.22)  found 0  new 0  kept 0  total 2815
  tile 2344/2809  (53.18,4.29)  found 0  new 0  kept 0  total 2815
  tile 2345/2809  (53.18,4.36)  found 0  new 0  kept 0  total 2815
  tile 2346/2809  (53.18,4.44)  found 0  new 0  kept 0  total 2815
  tile 2347/2809  (53.18,4.51)  found 0  new 0  kept 0  total 2815
  tile 2348/2809  (53.18,4.58)  found 0  new 0  kept 0  total 2815
  tile 2349/2809  (53.18,4.65)  found 0  new 0  kept 0  total 2815
  tile 2350/2809  (53.18,4.72)  found 0  new 0  kept 0  total 2815
  tile 2351/2809  (53.18,4.80)  found 0  new 0  kept 0  total 2815
  tile 2352/2809  (53.18,4.87)  found 13  new 13  kept 5  total 2820
  tile 2353/2809  (53.18,4.94)  found 0  new 0  kept 0  total 2820
  tile 2354/2809  (53.18,5.01)  found 0  new 0  kept 0  total 2820
  tile 2355/2809  (53.18,5.08)  found 0  new 0  kept 0  total 2820
  tile 2356/2809  (53.18,5.16)  found 0  new 0  kept 0  total 2820
  tile 2357/2809  (53.18,5.23)  found 0  new 0  kept 0  total 2820
  tile 2358/2809  (53.18,5.30)  found 0  new 0  kept 0  total 2820
  tile 2359/2809  (53.18,5.37)  found 0  new 0  kept 0  total 2820
  tile 2360/2809  (53.18,5.44)  found 227  new 227  kept 5  total 2825
  tile 2361/2809  (53.18,5.52)  found 36  new 36  kept 5  total 2830
  tile 2362/2809  (53.18,5.59)  found 5  new 5  kept 5  total 2835
  tile 2363/2809  (53.18,5.66)  found 2  new 2  kept 2  total 2837
  tile 2364/2809  (53.18,5.73)  found 26  new 26  kept 5  total 2842
  tile 2365/2809  (53.18,5.80)  found 53  new 53  kept 5  total 2847
  tile 2366/2809  (53.18,5.88)  found 0  new 0  kept 0  total 2847
  tile 2367/2809  (53.18,5.95)  found 1  new 1  kept 1  total 2848
  tile 2368/2809  (53.18,6.02)  found 0  new 0  kept 0  total 2848
  tile 2369/2809  (53.18,6.09)  found 0  new 0  kept 0  total 2848
  tile 2370/2809  (53.18,6.16)  found 2  new 2  kept 2  total 2850
  tile 2371/2809  (53.18,6.24)  found 0  new 0  kept 0  total 2850
  tile 2372/2809  (53.18,6.31)  found 21  new 21  kept 5  total 2855
  tile 2373/2809  (53.18,6.38)  found 26  new 26  kept 5  total 2860
  tile 2374/2809  (53.18,6.45)  found 0  new 0  kept 0  total 2860
  tile 2375/2809  (53.18,6.52)  found 0  new 0  kept 0  total 2860
  tile 2376/2809  (53.18,6.60)  found 145  new 145  kept 5  total 2865
  tile 2377/2809  (53.18,6.67)  found 16  new 16  kept 5  total 2870
  tile 2378/2809  (53.18,6.74)  found 3  new 3  kept 3  total 2873
  tile 2379/2809  (53.18,6.81)  found 0  new 0  kept 0  total 2873
  tile 2380/2809  (53.18,6.88)  found 11  new 11  kept 5  total 2878
  tile 2381/2809  (53.18,6.96)  found 3  new 3  kept 3  total 2881
  tile 2382/2809  (53.18,7.03)  found 2  new 2  kept 2  total 2883
  tile 2383/2809  (53.18,7.10)  found 3  new 3  kept 3  total 2886
  tile 2384/2809  (53.18,7.17)  found 2  new 2  kept 2  total 2888
  tile 2385/2809  (53.18,7.24)  found 0  new 0  kept 0  total 2888
  tile 2386/2809  (53.23,3.50)  found 0  new 0  kept 0  total 2888
  tile 2387/2809  (53.23,3.57)  found 0  new 0  kept 0  total 2888
  tile 2388/2809  (53.23,3.64)  found 0  new 0  kept 0  total 2888
  tile 2389/2809  (53.23,3.72)  found 0  new 0  kept 0  total 2888
  tile 2390/2809  (53.23,3.79)  found 0  new 0  kept 0  total 2888
  tile 2391/2809  (53.23,3.86)  found 0  new 0  kept 0  total 2888
  tile 2392/2809  (53.23,3.93)  found 0  new 0  kept 0  total 2888
  tile 2393/2809  (53.23,4.00)  found 0  new 0  kept 0  total 2888
  tile 2394/2809  (53.23,4.08)  found 0  new 0  kept 0  total 2888
  tile 2395/2809  (53.23,4.15)  found 0  new 0  kept 0  total 2888
  tile 2396/2809  (53.23,4.22)  found 0  new 0  kept 0  total 2888
  tile 2397/2809  (53.23,4.29)  found 0  new 0  kept 0  total 2888
  tile 2398/2809  (53.23,4.36)  found 0  new 0  kept 0  total 2888
  tile 2399/2809  (53.23,4.44)  found 0  new 0  kept 0  total 2888
  tile 2400/2809  (53.23,4.51)  found 0  new 0  kept 0  total 2888
  tile 2401/2809  (53.23,4.58)  found 0  new 0  kept 0  total 2888
  tile 2402/2809  (53.23,4.65)  found 0  new 0  kept 0  total 2888
  tile 2403/2809  (53.23,4.72)  found 0  new 0  kept 0  total 2888
  tile 2404/2809  (53.23,4.80)  found 0  new 0  kept 0  total 2888
  tile 2405/2809  (53.23,4.87)  found 0  new 0  kept 0  total 2888
  tile 2406/2809  (53.23,4.94)  found 0  new 0  kept 0  total 2888
  tile 2407/2809  (53.23,5.01)  found 0  new 0  kept 0  total 2888
  tile 2408/2809  (53.23,5.08)  found 0  new 0  kept 0  total 2888
  tile 2409/2809  (53.23,5.16)  found 0  new 0  kept 0  total 2888
  tile 2410/2809  (53.23,5.23)  found 0  new 0  kept 0  total 2888
  tile 2411/2809  (53.23,5.30)  found 0  new 0  kept 0  total 2888
  tile 2412/2809  (53.23,5.37)  found 0  new 0  kept 0  total 2888
  tile 2413/2809  (53.23,5.44)  found 0  new 0  kept 0  total 2888
  tile 2414/2809  (53.23,5.52)  found 11  new 11  kept 5  total 2893
  tile 2415/2809  (53.23,5.59)  found 4  new 4  kept 4  total 2897
  tile 2416/2809  (53.23,5.66)  found 34  new 34  kept 5  total 2902
  tile 2417/2809  (53.23,5.73)  found 4  new 4  kept 4  total 2906
  tile 2418/2809  (53.23,5.80)  found 3  new 3  kept 3  total 2909
  tile 2419/2809  (53.23,5.88)  found 8  new 8  kept 5  total 2914
  tile 2420/2809  (53.23,5.95)  found 1  new 1  kept 1  total 2915
  tile 2421/2809  (53.23,6.02)  found 1  new 1  kept 1  total 2916
  tile 2422/2809  (53.23,6.09)  found 3  new 3  kept 3  total 2919
  tile 2423/2809  (53.23,6.16)  found 23  new 23  kept 5  total 2924
  tile 2424/2809  (53.23,6.24)  found 0  new 0  kept 0  total 2924
  tile 2425/2809  (53.23,6.31)  found 0  new 0  kept 0  total 2924
  tile 2426/2809  (53.23,6.38)  found 0  new 0  kept 0  total 2924
  tile 2427/2809  (53.23,6.45)  found 3  new 3  kept 3  total 2927
  tile 2428/2809  (53.23,6.52)  found 14  new 14  kept 5  total 2932
  tile 2429/2809  (53.23,6.60)  found 104  new 104  kept 5  total 2937
  tile 2430/2809  (53.23,6.67)  found 1  new 1  kept 1  total 2938
  tile 2431/2809  (53.23,6.74)  found 0  new 0  kept 0  total 2938
  tile 2432/2809  (53.23,6.81)  found 0  new 0  kept 0  total 2938
  tile 2433/2809  (53.23,6.88)  found 9  new 9  kept 5  total 2943
  tile 2434/2809  (53.23,6.96)  found 0  new 0  kept 0  total 2943
  tile 2435/2809  (53.23,7.03)  found 0  new 0  kept 0  total 2943
  tile 2436/2809  (53.23,7.10)  found 2  new 2  kept 2  total 2945
  tile 2437/2809  (53.23,7.17)  found 24  new 24  kept 5  total 2950
  tile 2438/2809  (53.23,7.24)  found 0  new 0  kept 0  total 2950
  tile 2439/2809  (53.27,3.50)  found 0  new 0  kept 0  total 2950
  tile 2440/2809  (53.27,3.57)  found 0  new 0  kept 0  total 2950
  tile 2441/2809  (53.27,3.64)  found 0  new 0  kept 0  total 2950
  tile 2442/2809  (53.27,3.72)  found 0  new 0  kept 0  total 2950
  tile 2443/2809  (53.27,3.79)  found 0  new 0  kept 0  total 2950
  tile 2444/2809  (53.27,3.86)  found 0  new 0  kept 0  total 2950
  tile 2445/2809  (53.27,3.93)  found 0  new 0  kept 0  total 2950
  tile 2446/2809  (53.27,4.00)  found 0  new 0  kept 0  total 2950
  tile 2447/2809  (53.27,4.08)  found 0  new 0  kept 0  total 2950
  tile 2448/2809  (53.27,4.15)  found 0  new 0  kept 0  total 2950
  tile 2449/2809  (53.27,4.22)  found 0  new 0  kept 0  total 2950
  tile 2450/2809  (53.27,4.29)  found 0  new 0  kept 0  total 2950
  tile 2451/2809  (53.27,4.36)  found 0  new 0  kept 0  total 2950
  tile 2452/2809  (53.27,4.44)  found 0  new 0  kept 0  total 2950
  tile 2453/2809  (53.27,4.51)  found 0  new 0  kept 0  total 2950
  tile 2454/2809  (53.27,4.58)  found 0  new 0  kept 0  total 2950
  tile 2455/2809  (53.27,4.65)  found 0  new 0  kept 0  total 2950
  tile 2456/2809  (53.27,4.72)  found 0  new 0  kept 0  total 2950
  tile 2457/2809  (53.27,4.80)  found 0  new 0  kept 0  total 2950
  tile 2458/2809  (53.27,4.87)  found 0  new 0  kept 0  total 2950
  tile 2459/2809  (53.27,4.94)  found 0  new 0  kept 0  total 2950
  tile 2460/2809  (53.27,5.01)  found 0  new 0  kept 0  total 2950
  tile 2461/2809  (53.27,5.08)  found 0  new 0  kept 0  total 2950
  tile 2462/2809  (53.27,5.16)  found 0  new 0  kept 0  total 2950
  tile 2463/2809  (53.27,5.23)  found 0  new 0  kept 0  total 2950
  tile 2464/2809  (53.27,5.30)  found 0  new 0  kept 0  total 2950
  tile 2465/2809  (53.27,5.37)  found 0  new 0  kept 0  total 2950
  tile 2466/2809  (53.27,5.44)  found 0  new 0  kept 0  total 2950
  tile 2467/2809  (53.27,5.52)  found 0  new 0  kept 0  total 2950
  tile 2468/2809  (53.27,5.59)  found 3  new 3  kept 3  total 2953
  tile 2469/2809  (53.27,5.66)  found 1  new 1  kept 1  total 2954
  tile 2470/2809  (53.27,5.73)  found 4  new 4  kept 4  total 2958
  tile 2471/2809  (53.27,5.80)  found 0  new 0  kept 0  total 2958
  tile 2472/2809  (53.27,5.88)  found 0  new 0  kept 0  total 2958
  tile 2473/2809  (53.27,5.95)  found 0  new 0  kept 0  total 2958
  tile 2474/2809  (53.27,6.02)  found 1  new 1  kept 1  total 2959
  tile 2475/2809  (53.27,6.09)  found 0  new 0  kept 0  total 2959
  tile 2476/2809  (53.27,6.16)  found 18  new 18  kept 5  total 2964
  tile 2477/2809  (53.27,6.24)  found 0  new 0  kept 0  total 2964
  tile 2478/2809  (53.27,6.31)  found 15  new 15  kept 5  total 2969
  tile 2479/2809  (53.27,6.38)  found 0  new 0  kept 0  total 2969
  tile 2480/2809  (53.27,6.45)  found 1  new 1  kept 1  total 2970
  tile 2481/2809  (53.27,6.52)  found 1  new 1  kept 1  total 2971
  tile 2482/2809  (53.27,6.60)  found 8  new 8  kept 5  total 2976
  tile 2483/2809  (53.27,6.67)  found 0  new 0  kept 0  total 2976
  tile 2484/2809  (53.27,6.74)  found 56  new 56  kept 5  total 2981
  tile 2485/2809  (53.27,6.81)  found 0  new 0  kept 0  total 2981
  tile 2486/2809  (53.27,6.88)  found 19  new 19  kept 5  total 2986
  tile 2487/2809  (53.27,6.96)  found 2  new 2  kept 2  total 2988
  tile 2488/2809  (53.27,7.03)  found 0  new 0  kept 0  total 2988
  tile 2489/2809  (53.27,7.10)  found 0  new 0  kept 0  total 2988
  tile 2490/2809  (53.27,7.17)  found 0  new 0  kept 0  total 2988
  tile 2491/2809  (53.27,7.24)  found 0  new 0  kept 0  total 2988
  tile 2492/2809  (53.31,3.50)  found 0  new 0  kept 0  total 2988
  tile 2493/2809  (53.31,3.57)  found 0  new 0  kept 0  total 2988
  tile 2494/2809  (53.31,3.64)  found 0  new 0  kept 0  total 2988
  tile 2495/2809  (53.31,3.72)  found 0  new 0  kept 0  total 2988
  tile 2496/2809  (53.31,3.79)  found 0  new 0  kept 0  total 2988
  tile 2497/2809  (53.31,3.86)  found 0  new 0  kept 0  total 2988
  tile 2498/2809  (53.31,3.93)  found 0  new 0  kept 0  total 2988
  tile 2499/2809  (53.31,4.00)  found 0  new 0  kept 0  total 2988
  tile 2500/2809  (53.31,4.08)  found 0  new 0  kept 0  total 2988
  tile 2501/2809  (53.31,4.15)  found 0  new 0  kept 0  total 2988
  tile 2502/2809  (53.31,4.22)  found 0  new 0  kept 0  total 2988
  tile 2503/2809  (53.31,4.29)  found 0  new 0  kept 0  total 2988
  tile 2504/2809  (53.31,4.36)  found 0  new 0  kept 0  total 2988
  tile 2505/2809  (53.31,4.44)  found 0  new 0  kept 0  total 2988
  tile 2506/2809  (53.31,4.51)  found 0  new 0  kept 0  total 2988
  tile 2507/2809  (53.31,4.58)  found 0  new 0  kept 0  total 2988
  tile 2508/2809  (53.31,4.65)  found 0  new 0  kept 0  total 2988
  tile 2509/2809  (53.31,4.72)  found 0  new 0  kept 0  total 2988
  tile 2510/2809  (53.31,4.80)  found 0  new 0  kept 0  total 2988
  tile 2511/2809  (53.31,4.87)  found 0  new 0  kept 0  total 2988
  tile 2512/2809  (53.31,4.94)  found 0  new 0  kept 0  total 2988
  tile 2513/2809  (53.31,5.01)  found 0  new 0  kept 0  total 2988
  tile 2514/2809  (53.31,5.08)  found 0  new 0  kept 0  total 2988
  tile 2515/2809  (53.31,5.16)  found 0  new 0  kept 0  total 2988
  tile 2516/2809  (53.31,5.23)  found 0  new 0  kept 0  total 2988
  tile 2517/2809  (53.31,5.30)  found 0  new 0  kept 0  total 2988
  tile 2518/2809  (53.31,5.37)  found 0  new 0  kept 0  total 2988
  tile 2519/2809  (53.31,5.44)  found 0  new 0  kept 0  total 2988
  tile 2520/2809  (53.31,5.52)  found 0  new 0  kept 0  total 2988
  tile 2521/2809  (53.31,5.59)  found 0  new 0  kept 0  total 2988
  tile 2522/2809  (53.31,5.66)  found 33  new 33  kept 5  total 2993
  tile 2523/2809  (53.31,5.73)  found 4  new 4  kept 4  total 2997
  tile 2524/2809  (53.31,5.80)  found 0  new 0  kept 0  total 2997
  tile 2525/2809  (53.31,5.88)  found 0  new 0  kept 0  total 2997
  tile 2526/2809  (53.31,5.95)  found 5  new 5  kept 5  total 3002
  tile 2527/2809  (53.31,6.02)  found 36  new 36  kept 5  total 3007
  tile 2528/2809  (53.31,6.09)  found 1  new 1  kept 1  total 3008
  tile 2529/2809  (53.31,6.16)  found 28  new 28  kept 5  total 3013
  tile 2530/2809  (53.31,6.24)  found 0  new 0  kept 0  total 3013
  tile 2531/2809  (53.31,6.31)  found 2  new 2  kept 2  total 3015
  tile 2532/2809  (53.31,6.38)  found 2  new 2  kept 2  total 3017
  tile 2533/2809  (53.31,6.45)  found 0  new 0  kept 0  total 3017
  tile 2534/2809  (53.31,6.52)  found 1  new 1  kept 1  total 3018
  tile 2535/2809  (53.31,6.60)  found 16  new 16  kept 5  total 3023
  tile 2536/2809  (53.31,6.67)  found 4  new 4  kept 4  total 3027
  tile 2537/2809  (53.31,6.74)  found 3  new 3  kept 3  total 3030
  tile 2538/2809  (53.31,6.81)  found 3  new 3  kept 3  total 3033
  tile 2539/2809  (53.31,6.88)  found 87  new 87  kept 5  total 3038
  tile 2540/2809  (53.31,6.96)  found 177  new 177  kept 5  total 3043
  tile 2541/2809  (53.31,7.03)  found 0  new 0  kept 0  total 3043
  tile 2542/2809  (53.31,7.10)  found 0  new 0  kept 0  total 3043
  tile 2543/2809  (53.31,7.17)  found 0  new 0  kept 0  total 3043
  tile 2544/2809  (53.31,7.24)  found 0  new 0  kept 0  total 3043
  tile 2545/2809  (53.36,3.50)  found 0  new 0  kept 0  total 3043
  tile 2546/2809  (53.36,3.57)  found 0  new 0  kept 0  total 3043
  tile 2547/2809  (53.36,3.64)  found 0  new 0  kept 0  total 3043
  tile 2548/2809  (53.36,3.72)  found 0  new 0  kept 0  total 3043
  tile 2549/2809  (53.36,3.79)  found 0  new 0  kept 0  total 3043
  tile 2550/2809  (53.36,3.86)  found 0  new 0  kept 0  total 3043
  tile 2551/2809  (53.36,3.93)  found 0  new 0  kept 0  total 3043
  tile 2552/2809  (53.36,4.00)  found 0  new 0  kept 0  total 3043
  tile 2553/2809  (53.36,4.08)  found 0  new 0  kept 0  total 3043
  tile 2554/2809  (53.36,4.15)  found 0  new 0  kept 0  total 3043
  tile 2555/2809  (53.36,4.22)  found 0  new 0  kept 0  total 3043
  tile 2556/2809  (53.36,4.29)  found 0  new 0  kept 0  total 3043
  tile 2557/2809  (53.36,4.36)  found 0  new 0  kept 0  total 3043
  tile 2558/2809  (53.36,4.44)  found 0  new 0  kept 0  total 3043
  tile 2559/2809  (53.36,4.51)  found 0  new 0  kept 0  total 3043
  tile 2560/2809  (53.36,4.58)  found 0  new 0  kept 0  total 3043
  tile 2561/2809  (53.36,4.65)  found 0  new 0  kept 0  total 3043
  tile 2562/2809  (53.36,4.72)  found 0  new 0  kept 0  total 3043
  tile 2563/2809  (53.36,4.80)  found 0  new 0  kept 0  total 3043
  tile 2564/2809  (53.36,4.87)  found 0  new 0  kept 0  total 3043
  tile 2565/2809  (53.36,4.94)  found 0  new 0  kept 0  total 3043
  tile 2566/2809  (53.36,5.01)  found 0  new 0  kept 0  total 3043
  tile 2567/2809  (53.36,5.08)  found 0  new 0  kept 0  total 3043
  tile 2568/2809  (53.36,5.16)  found 0  new 0  kept 0  total 3043
  tile 2569/2809  (53.36,5.23)  found 13  new 13  kept 5  total 3048
  tile 2570/2809  (53.36,5.30)  found 0  new 0  kept 0  total 3048
  tile 2571/2809  (53.36,5.37)  found 0  new 0  kept 0  total 3048
  tile 2572/2809  (53.36,5.44)  found 0  new 0  kept 0  total 3048
  tile 2573/2809  (53.36,5.52)  found 0  new 0  kept 0  total 3048
  tile 2574/2809  (53.36,5.59)  found 0  new 0  kept 0  total 3048
  tile 2575/2809  (53.36,5.66)  found 0  new 0  kept 0  total 3048
  tile 2576/2809  (53.36,5.73)  found 0  new 0  kept 0  total 3048
  tile 2577/2809  (53.36,5.80)  found 21  new 21  kept 5  total 3053
  tile 2578/2809  (53.36,5.88)  found 0  new 0  kept 0  total 3053
  tile 2579/2809  (53.36,5.95)  found 0  new 0  kept 0  total 3053
  tile 2580/2809  (53.36,6.02)  found 0  new 0  kept 0  total 3053
  tile 2581/2809  (53.36,6.09)  found 0  new 0  kept 0  total 3053
  tile 2582/2809  (53.36,6.16)  found 0  new 0  kept 0  total 3053
  tile 2583/2809  (53.36,6.24)  found 0  new 0  kept 0  total 3053
  tile 2584/2809  (53.36,6.31)  found 1  new 1  kept 1  total 3054
  tile 2585/2809  (53.36,6.38)  found 4  new 4  kept 4  total 3058
  tile 2586/2809  (53.36,6.45)  found 15  new 15  kept 5  total 3063
  tile 2587/2809  (53.36,6.52)  found 0  new 0  kept 0  total 3063
  tile 2588/2809  (53.36,6.60)  found 2  new 2  kept 2  total 3065
  tile 2589/2809  (53.36,6.67)  found 3  new 3  kept 3  total 3068
  tile 2590/2809  (53.36,6.74)  found 2  new 2  kept 2  total 3070
  tile 2591/2809  (53.36,6.81)  found 2  new 2  kept 2  total 3072
  tile 2592/2809  (53.36,6.88)  found 39  new 39  kept 5  total 3077
  tile 2593/2809  (53.36,6.96)  found 0  new 0  kept 0  total 3077
  tile 2594/2809  (53.36,7.03)  found 0  new 0  kept 0  total 3077
  tile 2595/2809  (53.36,7.10)  found 0  new 0  kept 0  total 3077
  tile 2596/2809  (53.36,7.17)  found 0  new 0  kept 0  total 3077
  tile 2597/2809  (53.36,7.24)  found 0  new 0  kept 0  total 3077
  tile 2598/2809  (53.41,3.50)  found 0  new 0  kept 0  total 3077
  tile 2599/2809  (53.41,3.57)  found 0  new 0  kept 0  total 3077
  tile 2600/2809  (53.41,3.64)  found 0  new 0  kept 0  total 3077
  tile 2601/2809  (53.41,3.72)  found 0  new 0  kept 0  total 3077
  tile 2602/2809  (53.41,3.79)  found 0  new 0  kept 0  total 3077
  tile 2603/2809  (53.41,3.86)  found 0  new 0  kept 0  total 3077
  tile 2604/2809  (53.41,3.93)  found 0  new 0  kept 0  total 3077
  tile 2605/2809  (53.41,4.00)  found 0  new 0  kept 0  total 3077
  tile 2606/2809  (53.41,4.08)  found 0  new 0  kept 0  total 3077
  tile 2607/2809  (53.41,4.15)  found 0  new 0  kept 0  total 3077
  tile 2608/2809  (53.41,4.22)  found 0  new 0  kept 0  total 3077
  tile 2609/2809  (53.41,4.29)  found 0  new 0  kept 0  total 3077
  tile 2610/2809  (53.41,4.36)  found 0  new 0  kept 0  total 3077
  tile 2611/2809  (53.41,4.44)  found 0  new 0  kept 0  total 3077
  tile 2612/2809  (53.41,4.51)  found 0  new 0  kept 0  total 3077
  tile 2613/2809  (53.41,4.58)  found 0  new 0  kept 0  total 3077
  tile 2614/2809  (53.41,4.65)  found 0  new 0  kept 0  total 3077
  tile 2615/2809  (53.41,4.72)  found 0  new 0  kept 0  total 3077
  tile 2616/2809  (53.41,4.80)  found 0  new 0  kept 0  total 3077
  tile 2617/2809  (53.41,4.87)  found 0  new 0  kept 0  total 3077
  tile 2618/2809  (53.41,4.94)  found 0  new 0  kept 0  total 3077
  tile 2619/2809  (53.41,5.01)  found 0  new 0  kept 0  total 3077
  tile 2620/2809  (53.41,5.08)  found 0  new 0  kept 0  total 3077
  tile 2621/2809  (53.41,5.16)  found 0  new 0  kept 0  total 3077
  tile 2622/2809  (53.41,5.23)  found 0  new 0  kept 0  total 3077
  tile 2623/2809  (53.41,5.30)  found 0  new 0  kept 0  total 3077
  tile 2624/2809  (53.41,5.37)  found 0  new 0  kept 0  total 3077
  tile 2625/2809  (53.41,5.44)  found 0  new 0  kept 0  total 3077
  tile 2626/2809  (53.41,5.52)  found 0  new 0  kept 0  total 3077
  tile 2627/2809  (53.41,5.59)  found 0  new 0  kept 0  total 3077
  tile 2628/2809  (53.41,5.66)  found 0  new 0  kept 0  total 3077
  tile 2629/2809  (53.41,5.73)  found 0  new 0  kept 0  total 3077
  tile 2630/2809  (53.41,5.80)  found 0  new 0  kept 0  total 3077
  tile 2631/2809  (53.41,5.88)  found 1  new 1  kept 1  total 3078
  tile 2632/2809  (53.41,5.95)  found 0  new 0  kept 0  total 3078
  tile 2633/2809  (53.41,6.02)  found 49  new 49  kept 5  total 3083
  tile 2634/2809  (53.41,6.09)  found 58  new 58  kept 5  total 3088
  tile 2635/2809  (53.41,6.16)  found 3  new 3  kept 3  total 3091
  tile 2636/2809  (53.41,6.24)  found 26  new 26  kept 5  total 3096
  tile 2637/2809  (53.41,6.31)  found 20  new 20  kept 5  total 3101
  tile 2638/2809  (53.41,6.38)  found 17  new 17  kept 5  total 3106
  tile 2639/2809  (53.41,6.45)  found 22  new 22  kept 5  total 3111
  tile 2640/2809  (53.41,6.52)  found 2  new 2  kept 2  total 3113
  tile 2641/2809  (53.41,6.60)  found 2  new 2  kept 2  total 3115
  tile 2642/2809  (53.41,6.67)  found 12  new 12  kept 5  total 3120
  tile 2643/2809  (53.41,6.74)  found 3  new 3  kept 3  total 3123
  tile 2644/2809  (53.41,6.81)  found 1  new 1  kept 1  total 3124
  tile 2645/2809  (53.41,6.88)  found 64  new 64  kept 5  total 3129
  tile 2646/2809  (53.41,6.96)  found 0  new 0  kept 0  total 3129
  tile 2647/2809  (53.41,7.03)  found 0  new 0  kept 0  total 3129
  tile 2648/2809  (53.41,7.10)  found 0  new 0  kept 0  total 3129
  tile 2649/2809  (53.41,7.17)  found 0  new 0  kept 0  total 3129
  tile 2650/2809  (53.41,7.24)  found 0  new 0  kept 0  total 3129
  tile 2651/2809  (53.45,3.50)  found 0  new 0  kept 0  total 3129
  tile 2652/2809  (53.45,3.57)  found 0  new 0  kept 0  total 3129
  tile 2653/2809  (53.45,3.64)  found 0  new 0  kept 0  total 3129
  tile 2654/2809  (53.45,3.72)  found 0  new 0  kept 0  total 3129
  tile 2655/2809  (53.45,3.79)  found 0  new 0  kept 0  total 3129
  tile 2656/2809  (53.45,3.86)  found 0  new 0  kept 0  total 3129
  tile 2657/2809  (53.45,3.93)  found 0  new 0  kept 0  total 3129
  tile 2658/2809  (53.45,4.00)  found 0  new 0  kept 0  total 3129
  tile 2659/2809  (53.45,4.08)  found 0  new 0  kept 0  total 3129
  tile 2660/2809  (53.45,4.15)  found 0  new 0  kept 0  total 3129
  tile 2661/2809  (53.45,4.22)  found 0  new 0  kept 0  total 3129
  tile 2662/2809  (53.45,4.29)  found 0  new 0  kept 0  total 3129
  tile 2663/2809  (53.45,4.36)  found 0  new 0  kept 0  total 3129
  tile 2664/2809  (53.45,4.44)  found 0  new 0  kept 0  total 3129
  tile 2665/2809  (53.45,4.51)  found 0  new 0  kept 0  total 3129
  tile 2666/2809  (53.45,4.58)  found 0  new 0  kept 0  total 3129
  tile 2667/2809  (53.45,4.65)  found 0  new 0  kept 0  total 3129
  tile 2668/2809  (53.45,4.72)  found 0  new 0  kept 0  total 3129
  tile 2669/2809  (53.45,4.80)  found 0  new 0  kept 0  total 3129
  tile 2670/2809  (53.45,4.87)  found 0  new 0  kept 0  total 3129
  tile 2671/2809  (53.45,4.94)  found 0  new 0  kept 0  total 3129
  tile 2672/2809  (53.45,5.01)  found 0  new 0  kept 0  total 3129
  tile 2673/2809  (53.45,5.08)  found 0  new 0  kept 0  total 3129
  tile 2674/2809  (53.45,5.16)  found 0  new 0  kept 0  total 3129
  tile 2675/2809  (53.45,5.23)  found 0  new 0  kept 0  total 3129
  tile 2676/2809  (53.45,5.30)  found 0  new 0  kept 0  total 3129
  tile 2677/2809  (53.45,5.37)  found 0  new 0  kept 0  total 3129
  tile 2678/2809  (53.45,5.44)  found 0  new 0  kept 0  total 3129
  tile 2679/2809  (53.45,5.52)  found 0  new 0  kept 0  total 3129
  tile 2680/2809  (53.45,5.59)  found 0  new 0  kept 0  total 3129
  tile 2681/2809  (53.45,5.66)  found 0  new 0  kept 0  total 3129
  tile 2682/2809  (53.45,5.73)  found 9  new 9  kept 5  total 3134
  tile 2683/2809  (53.45,5.80)  found 2  new 2  kept 2  total 3136
  tile 2684/2809  (53.45,5.88)  found 0  new 0  kept 0  total 3136
  tile 2685/2809  (53.45,5.95)  found 0  new 0  kept 0  total 3136
  tile 2686/2809  (53.45,6.02)  found 0  new 0  kept 0  total 3136
  tile 2687/2809  (53.45,6.09)  found 0  new 0  kept 0  total 3136
  tile 2688/2809  (53.45,6.16)  found 0  new 0  kept 0  total 3136
  tile 2689/2809  (53.45,6.24)  found 0  new 0  kept 0  total 3136
  tile 2690/2809  (53.45,6.31)  found 0  new 0  kept 0  total 3136
  tile 2691/2809  (53.45,6.38)  found 0  new 0  kept 0  total 3136
  tile 2692/2809  (53.45,6.45)  found 0  new 0  kept 0  total 3136
  tile 2693/2809  (53.45,6.52)  found 0  new 0  kept 0  total 3136
  tile 2694/2809  (53.45,6.60)  found 0  new 0  kept 0  total 3136
  tile 2695/2809  (53.45,6.67)  found 22  new 22  kept 5  total 3141
  tile 2696/2809  (53.45,6.74)  found 9  new 9  kept 5  total 3146
  tile 2697/2809  (53.45,6.81)  found 78  new 78  kept 5  total 3151
  tile 2698/2809  (53.45,6.88)  found 7  new 7  kept 5  total 3156
  tile 2699/2809  (53.45,6.96)  found 0  new 0  kept 0  total 3156
  tile 2700/2809  (53.45,7.03)  found 0  new 0  kept 0  total 3156
  tile 2701/2809  (53.45,7.10)  found 0  new 0  kept 0  total 3156
  tile 2702/2809  (53.45,7.17)  found 0  new 0  kept 0  total 3156
  tile 2703/2809  (53.45,7.24)  found 0  new 0  kept 0  total 3156
  tile 2704/2809  (53.49,3.50)  found 0  new 0  kept 0  total 3156
  tile 2705/2809  (53.49,3.57)  found 0  new 0  kept 0  total 3156
  tile 2706/2809  (53.49,3.64)  found 0  new 0  kept 0  total 3156
  tile 2707/2809  (53.49,3.72)  found 0  new 0  kept 0  total 3156
  tile 2708/2809  (53.49,3.79)  found 0  new 0  kept 0  total 3156
  tile 2709/2809  (53.49,3.86)  found 0  new 0  kept 0  total 3156
  tile 2710/2809  (53.49,3.93)  found 0  new 0  kept 0  total 3156
  tile 2711/2809  (53.49,4.00)  found 0  new 0  kept 0  total 3156
  tile 2712/2809  (53.49,4.08)  found 0  new 0  kept 0  total 3156
  tile 2713/2809  (53.49,4.15)  found 0  new 0  kept 0  total 3156
  tile 2714/2809  (53.49,4.22)  found 0  new 0  kept 0  total 3156
  tile 2715/2809  (53.49,4.29)  found 0  new 0  kept 0  total 3156
  tile 2716/2809  (53.49,4.36)  found 0  new 0  kept 0  total 3156
  tile 2717/2809  (53.49,4.44)  found 0  new 0  kept 0  total 3156
  tile 2718/2809  (53.49,4.51)  found 0  new 0  kept 0  total 3156
  tile 2719/2809  (53.49,4.58)  found 0  new 0  kept 0  total 3156
  tile 2720/2809  (53.49,4.65)  found 0  new 0  kept 0  total 3156
  tile 2721/2809  (53.49,4.72)  found 0  new 0  kept 0  total 3156
  tile 2722/2809  (53.49,4.80)  found 0  new 0  kept 0  total 3156
  tile 2723/2809  (53.49,4.87)  found 0  new 0  kept 0  total 3156
  tile 2724/2809  (53.49,4.94)  found 0  new 0  kept 0  total 3156
  tile 2725/2809  (53.49,5.01)  found 0  new 0  kept 0  total 3156
  tile 2726/2809  (53.49,5.08)  found 0  new 0  kept 0  total 3156
  tile 2727/2809  (53.49,5.16)  found 0  new 0  kept 0  total 3156
  tile 2728/2809  (53.49,5.23)  found 0  new 0  kept 0  total 3156
  tile 2729/2809  (53.49,5.30)  found 0  new 0  kept 0  total 3156
  tile 2730/2809  (53.49,5.37)  found 0  new 0  kept 0  total 3156
  tile 2731/2809  (53.49,5.44)  found 0  new 0  kept 0  total 3156
  tile 2732/2809  (53.49,5.52)  found 0  new 0  kept 0  total 3156
  tile 2733/2809  (53.49,5.59)  found 0  new 0  kept 0  total 3156
  tile 2734/2809  (53.49,5.66)  found 0  new 0  kept 0  total 3156
  tile 2735/2809  (53.49,5.73)  found 0  new 0  kept 0  total 3156
  tile 2736/2809  (53.49,5.80)  found 0  new 0  kept 0  total 3156
  tile 2737/2809  (53.49,5.88)  found 0  new 0  kept 0  total 3156
  tile 2738/2809  (53.49,5.95)  found 0  new 0  kept 0  total 3156
  tile 2739/2809  (53.49,6.02)  found 0  new 0  kept 0  total 3156
  tile 2740/2809  (53.49,6.09)  found 0  new 0  kept 0  total 3156
  tile 2741/2809  (53.49,6.16)  found 0  new 0  kept 0  total 3156
  tile 2742/2809  (53.49,6.24)  found 0  new 0  kept 0  total 3156
  tile 2743/2809  (53.49,6.31)  found 0  new 0  kept 0  total 3156
  tile 2744/2809  (53.49,6.38)  found 0  new 0  kept 0  total 3156
  tile 2745/2809  (53.49,6.45)  found 0  new 0  kept 0  total 3156
  tile 2746/2809  (53.49,6.52)  found 0  new 0  kept 0  total 3156
  tile 2747/2809  (53.49,6.60)  found 0  new 0  kept 0  total 3156
  tile 2748/2809  (53.49,6.67)  found 0  new 0  kept 0  total 3156
  tile 2749/2809  (53.49,6.74)  found 0  new 0  kept 0  total 3156
  tile 2750/2809  (53.49,6.81)  found 0  new 0  kept 0  total 3156
  tile 2751/2809  (53.49,6.88)  found 0  new 0  kept 0  total 3156
  tile 2752/2809  (53.49,6.96)  found 0  new 0  kept 0  total 3156
  tile 2753/2809  (53.49,7.03)  found 0  new 0  kept 0  total 3156
  tile 2754/2809  (53.49,7.10)  found 0  new 0  kept 0  total 3156
  tile 2755/2809  (53.49,7.17)  found 0  new 0  kept 0  total 3156
  tile 2756/2809  (53.49,7.24)  found 0  new 0  kept 0  total 3156
  tile 2757/2809  (53.54,3.50)  found 0  new 0  kept 0  total 3156
  tile 2758/2809  (53.54,3.57)  found 0  new 0  kept 0  total 3156
  tile 2759/2809  (53.54,3.64)  found 0  new 0  kept 0  total 3156
  tile 2760/2809  (53.54,3.72)  found 0  new 0  kept 0  total 3156
  tile 2761/2809  (53.54,3.79)  found 0  new 0  kept 0  total 3156
  tile 2762/2809  (53.54,3.86)  found 0  new 0  kept 0  total 3156
  tile 2763/2809  (53.54,3.93)  found 0  new 0  kept 0  total 3156
  tile 2764/2809  (53.54,4.00)  found 0  new 0  kept 0  total 3156
  tile 2765/2809  (53.54,4.08)  found 0  new 0  kept 0  total 3156
  tile 2766/2809  (53.54,4.15)  found 0  new 0  kept 0  total 3156
  tile 2767/2809  (53.54,4.22)  found 0  new 0  kept 0  total 3156
  tile 2768/2809  (53.54,4.29)  found 0  new 0  kept 0  total 3156
  tile 2769/2809  (53.54,4.36)  found 0  new 0  kept 0  total 3156
  tile 2770/2809  (53.54,4.44)  found 0  new 0  kept 0  total 3156
  tile 2771/2809  (53.54,4.51)  found 0  new 0  kept 0  total 3156
  tile 2772/2809  (53.54,4.58)  found 0  new 0  kept 0  total 3156
  tile 2773/2809  (53.54,4.65)  found 0  new 0  kept 0  total 3156
  tile 2774/2809  (53.54,4.72)  found 0  new 0  kept 0  total 3156
  tile 2775/2809  (53.54,4.80)  found 0  new 0  kept 0  total 3156
  tile 2776/2809  (53.54,4.87)  found 0  new 0  kept 0  total 3156
  tile 2777/2809  (53.54,4.94)  found 0  new 0  kept 0  total 3156
  tile 2778/2809  (53.54,5.01)  found 0  new 0  kept 0  total 3156
  tile 2779/2809  (53.54,5.08)  found 0  new 0  kept 0  total 3156
  tile 2780/2809  (53.54,5.16)  found 0  new 0  kept 0  total 3156
  tile 2781/2809  (53.54,5.23)  found 0  new 0  kept 0  total 3156
  tile 2782/2809  (53.54,5.30)  found 0  new 0  kept 0  total 3156
  tile 2783/2809  (53.54,5.37)  found 0  new 0  kept 0  total 3156
  tile 2784/2809  (53.54,5.44)  found 0  new 0  kept 0  total 3156
  tile 2785/2809  (53.54,5.52)  found 0  new 0  kept 0  total 3156
  tile 2786/2809  (53.54,5.59)  found 0  new 0  kept 0  total 3156
  tile 2787/2809  (53.54,5.66)  found 0  new 0  kept 0  total 3156
  tile 2788/2809  (53.54,5.73)  found 0  new 0  kept 0  total 3156
  tile 2789/2809  (53.54,5.80)  found 0  new 0  kept 0  total 3156
  tile 2790/2809  (53.54,5.88)  found 0  new 0  kept 0  total 3156
  tile 2791/2809  (53.54,5.95)  found 0  new 0  kept 0  total 3156
  tile 2792/2809  (53.54,6.02)  found 0  new 0  kept 0  total 3156
  tile 2793/2809  (53.54,6.09)  found 0  new 0  kept 0  total 3156
  tile 2794/2809  (53.54,6.16)  found 0  new 0  kept 0  total 3156
  tile 2795/2809  (53.54,6.24)  found 0  new 0  kept 0  total 3156
  tile 2796/2809  (53.54,6.31)  found 0  new 0  kept 0  total 3156
  tile 2797/2809  (53.54,6.38)  found 0  new 0  kept 0  total 3156
  tile 2798/2809  (53.54,6.45)  found 0  new 0  kept 0  total 3156
  tile 2799/2809  (53.54,6.52)  found 0  new 0  kept 0  total 3156
  tile 2800/2809  (53.54,6.60)  found 0  new 0  kept 0  total 3156
  tile 2801/2809  (53.54,6.67)  found 0  new 0  kept 0  total 3156
  tile 2802/2809  (53.54,6.74)  found 0  new 0  kept 0  total 3156
  tile 2803/2809  (53.54,6.81)  found 0  new 0  kept 0  total 3156
  tile 2804/2809  (53.54,6.88)  found 0  new 0  kept 0  total 3156
  tile 2805/2809  (53.54,6.96)  found 0  new 0  kept 0  total 3156
  tile 2806/2809  (53.54,7.03)  found 0  new 0  kept 0  total 3156
  tile 2807/2809  (53.54,7.10)  found 0  new 0  kept 0  total 3156
  tile 2808/2809  (53.54,7.17)  found 0  new 0  kept 0  total 3156
  tile 2809/2809  (53.54,7.24)  found 0  new 0  kept 0  total 3156

Phase 1 complete: 3156 unique IDs

Phase 2: fetching soundings ...
  100/3156  ok=45  failed=55
  200/3156  ok=99  failed=101
  300/3156  ok=160  failed=140
  400/3156  ok=228  failed=172
  500/3156  ok=281  failed=219
  600/3156  ok=340  failed=260
  700/3156  ok=391  failed=309
  800/3156  ok=447  failed=353
  900/3156  ok=496  failed=404
  1000/3156  ok=535  failed=465
  1100/3156  ok=581  failed=519
  1200/3156  ok=648  failed=552
  1300/3156  ok=698  failed=602
  1400/3156  ok=745  failed=655
  1500/3156  ok=799  failed=701
  1600/3156  ok=840  failed=760
  1700/3156  ok=885  failed=815
  1800/3156  ok=931  failed=869
  1900/3156  ok=984  failed=916
  2000/3156  ok=1040  failed=960
  2100/3156  ok=1106  failed=994
  2200/3156  ok=1160  failed=1040
  2300/3156  ok=1203  failed=1097
  2400/3156  ok=1258  failed=1142
  2500/3156  ok=1312  failed=1188
  2600/3156  ok=1354  failed=1246
  2700/3156  ok=1427  failed=1273
  2800/3156  ok=1502  failed=1298
  2900/3156  ok=1567  failed=1333
  3000/3156  ok=1641  failed=1359
  3100/3156  ok=1682  failed=1418

Phase 2 complete: 1710 soundings  1446 failures

Wrote data/bro_large/bro_cpt.csv  (1141922 rows)
Wrote data/bro_large/bro_embeddings.npy  shape=(1710, 256)
Wrote data/bro_large/bro_embeddings.csv
